ISIN,name,country,dscode
ANN4327C1220,HUNTER DOUGLAS,NL,933240
BE0003005957,BELGOLAISE,BE,932374
BE0003008019,BQ.NALE.DE BLGQ.SA,BE,929327
BE0003010031,CREDIT GENERAL,BE,932376
BE0003016095,BELGO-KATANGA,BE,932378
BE0003031243,ELECTRORAIL,BE,929328
BE0003064574,UNIBRA SA,BE,932414
BE0003121176,FAGAZ,BE,932388
BE0003180768,MERCANTILE BELIARD,BE,932539
BE0003215143,FLORIDIENNE SA,BE,932559
BE0003241404,ANDERLUES,BE,932572
BE0003274736,CHARLEROI GLACES,BE,932589
BE0003286854,BETONS SOC.BELGE,BE,932596
BE0003294932,UNIES DE PHORPHYRE SA,BE,932601
BE0003359610,NORD SUMATRA SA,BE,932638
BE0003381838,PROMINTER,BE,932651
BE0003432375,WAGONS-LITS,BE,922751
BE0003434397,CATALA PAPETERIES SA,BE,932732
BE0003470755,SOLVAY SA,BE,912543
BE0003499077,ASTURIENNE,BE,932549
BE0003500080,SOCFIN SA,BE,932389
BE0003503118,PCB DIS SA,BE,932560
BE0003519270,BROUWERIJ,BE,932654
BE0003528362,FORD MTR.BELGIUM,BE,932724
BE0003529378,AGRICOM AGRIGES,BE,932630
BE0003541498,FAB.FER.CHARLEROI,BE,932516
BE0003545531,SOLVAC,BE,945992
BE0003555639,TESSENDERLO GROUP NV,BE,916015
BE0003562700,DELHAIZE GROUP,BE,929349
BE0003565737,KBC GROEP NV,BE,923102
BE0003571792,WOLUWE SHOPPING,BE,361261
BE0003573814,TER BEKE NV,BE,779366
BE0003575835,ROSIER SA,BE,540017
BE0003586949,BMT,BE,932531
BE0003592038,CIE.DU BOIS SAUVAGE,BE,932392
BE0003593044,COFINIMMO,BE,143451
BE0003599108,CIE.IMMOB.DE BLGQ.SA,BE,932451
BE0003600112,L INVESTI.FONC.WOLUWE,BE,361262
BE0003601128,WALIBI,BE,772834
BE0003602134,MOURY CONSTRUCT SA,BE,866800
BE0003604155,LOTUS BAKERIES NV,BE,505325
BE0003622330,BERHEIM COMOFI,BE,932383
BE0003624351,DEFICOM GROUP,BE,540015
BE0003625366,SAPEC SA,BE,932565
BE0003632438,UNIWEAR,BE,932512
BE0003636470,POLYPAL EUROPE,BE,505566
BE0003637486,ELECTRABEL SA,BE,904934
BE0003646578,CITY HOTELS SA,BE,308969
BE0003647584,BBL,BE,916168
BE0003652634,GENERALE BANQUE,BE,916651
BE0003654655,SC.ANYME.BELGE DE CNUT.,BE,932546
BE0003656676,RECTICEL,BE,923969
BE0003659704,MECANIVER,BE,932590
BE0003662732,QUICK RESTAURANT,BE,307672
BE0003675866,BERGINVEST,BE,932709
BE0003678894,BEFIMMO SCA,BE,866248
BE0003682938,UCO TEXTILES,BE,866635
BE0003685964,KORAMIC SA,BE,142621
BE0003688026,NEUHAUS,BE,885514
BE0003696102,ACCENTIS SA,BE,885849
BE0003697118,BRANTANO,BE,885959
BE0003699130,GIMV NV,BE,892021
BE0003703171,ALMANIJ,BE,929322
BE0003706208,CIBIX,BE,673885
BE0003707214,RESILUX SA,BE,892876
BE0003708220,ASSOCIATED WEAVERS SA,BE,892985
BE0003717312,SOFINA SA,BE,901864
BE0003720340,RETAIL ESTATES SA,BE,673770
BE0003723377,BELUGA NV,BE,932525
BE0003724383,WERELDHAVE BELGIUM NV,BE,682866
BE0003727410,FARDIS,BE,685143
BE0003729432,PHOTO HALL,BE,685021
BE0003731453,MIKO SA,BE,685625
BE0003734481,WAREHOUSES REITS,BE,685679
BE0003735496,ORANGE BELGIUM SA,BE,685686
BE0003737518,REMI CLAEYS ALUMINIUM,BE,692049
BE0003739530,UCB SA,BE,916676
BE0003740546,GENK LOGISTICS,BE,692033
BE0003741551,ROULARTA MEDIA GROUP NV,BE,692036
BE0003743573,SIOEN INDUSTRIES,BE,881905
BE0003744589,ONTEX,BE,692135
BE0003748622,IEP INVEST,BE,692657
BE0003749638,VPK PACKAGING GROUP NV,BE,692782
BE0003750644,SIREF,BE,692641
BE0003752665,FOUNTAIN SA,BE,692894
BE0003753671,BUREAU VAN DIJK CS SA,BE,692931
BE0003755692,AGFA-GEVAERT NV,BE,672548
BE0003756708,IMAGE RECOG.INTEG.SYS.SA,BE,692943
BE0003758720,CARESTEL GROUP,BE,672525
BE0003760742,HOME INVEST BELGIUM SA,BE,672616
BE0003761757,MITISKA,BE,672614
BE0003762763,DUVEL MOORTGAT NV,BE,672624
BE0003764785,ACKERMANS & VAN HAAREN,BE,755087
BE0003765790,GREENYARD,BE,672653
BE0003766806,ION BEAM APPLICATIONS SA,BE,682862
BE0003770840,LEASINVEST RLST.COMM VA,BE,672702
BE0003771855,PAIRI DAIZA STRIP WPR,BE,672728
BE0003773877,SOFTIMAT,BE,885551
BE0003776904,DOLMEN COMPUTERS,BE,276426
BE0003778926,ARIANE GROUP,BE,276766
BE0003781953,KEYTRADE BANK SA,BE,276601
BE0003782969,ARINSO INTERNATIONAL,BE,288980
BE0003785020,OMEGA PHARMA NV,BE,681806
BE0003786036,CONNECT GROUP,BE,289186
BE0003787042,AUXIMINES SA,BE,932509
BE0003788057,TELINDUS GROUP SA,BE,702097
BE0003789063,DECEUNINCK ECH,BE,702511
BE0003795128,BIOTECH (BRU),BE,258594
BE0003797140,GROEP BRUSSEL LAMBERT NV,BE,930132
BE0003798155,SEDE.SVS.DPRTS.DE DIR.ET,BE,932652
BE0003799161,CONCENTRA SA,BE,308703
BE0003800175,DOCPHARMA,BE,259321
BE0003802197,DISTRIGAZ,BE,14910P
BE0003804219,THINK-MEDIA NV,BE,143005
BE0003807246,PICANOL NV,BE,932543
BE0003808251,EXMAR NV,BE,27189U
BE0003809267,IMMO ZENOBE GRAMME NV,BE,28193C
BE0003810273,PROXIMUS SA,BE,27597M
BE0003816338,EURONAV NV,BE,29848W
BE0003817344,CMB,BE,929356
BE0003819365,CUMERIO,BE,30812C
BE0003820371,EVS BROADCAST EQU.SA,BE,685755
BE0003821387,DEVGEN NV,BE,31174F
BE0003822393,ELIA GROUP SA,BE,31250R
BE0003823409,TUBIZE FINANCIERE SA,BE,932407
BE0003824415,PROXIMEDIA,BE,31347H
BE0003825420,CAMPINE SA,BE,540011
BE0003826436,TELENET GROUP HOLDING NV,BE,32011D
BE0003827442,ZETES INDUSTRIES,BE,32363J
BE0003829463,REIBEL BELGIUM,BE,32357U
BE0003832491,NEWTREE SA,BE,32527D
BE0003834513,OPTION TRADING COMPANY,BE,35984T
BE0003836534,CRESCENT NV,BE,27399U
BE0003837540,ATENOR,BE,932382
BE0003839561,VAN DE VELDE,BE,892877
BE0003840577,EVADIX SA,BE,36119T
BE0003844611,MDXHEALTH SA,BE,36179X
BE0003845626,CIE.NALE.A PTF.,BE,932401
BE0003846632,OXURION NV,BE,36232R
BE0003847648,U&I LEARNING,BE,410202
BE0003851681,AEDIFICA,BE,41293M
BE0003853703,MONTEA COMM VA,BE,41267M
BE0003854719,PORTHUS NV,BE,41311N
BE0003855724,PUNCH TELEMATIX NV,BE,41436U
BE0003858751,JENSEN-GROUP NV,BE,892046
BE0003859767,METRIS NV,BE,41474X
BE0003864817,TIGENIX NV,BE,50325E
BE0003867844,KBC ANCORA BV,BE,258619
BE0003868859,ALFACAM GROUP NV,BE,50559R
BE0003869865,TRANSICS INTL.,BE,50673F
BE0003870871,BANIMMO,BE,50728H
BE0003871887,ECODIS NV,BE,50643R
BE0003873909,HENEX,BE,916650
BE0003874915,FAGRON,BE,51129T
BE0003877942,ABLYNX,BE,51218U
BE0003878957,VGP,BE,51383M
BE0003880979,KEYWARE TECHS.NV,BE,27481N
BE0003882025,VISION IT GROUP (D),BE,51452D
BE0003883031,AANNEMINGSMAATSCHAPPIJ,BE,929336
BE0003893139,IMMO MOURY (D),BE,53614K
BE0003898187,SIPEF SA,BE,932404
BE0003899193,REALDOLMEN SA,BE,885888
BE0036416411,SUN INTL.,BE,505020
BE0045646560,EPIQ NV,BE,27884L
BE0109336173,AS.CHAUSSEE DE LA HULPE,BE,885371
BE0132053365,ICOS VISION SYS.CORP.,BE,27268V
BE0160220738,INNOGENETICS NV,BE,26624K
BE0160342011,COIL NV,FR,866707
BE0161426185,ARTWORK SYSTEMS GROUP NV,BE,27763E
BE0165385973,MELEXIS NV,BE,25544L
BE0946620946,RENTABILIWEB GROUP,BE,414632
BE0974256852,COLRUYT,BE,950997
BE0974258874,BEKAERT SA,BE,932532
BE0974259880,D IETEREN NV,BE,932706
BE0974260896,CELYAD ONCOLOGY,BE,89416U
BE0974263924,SC.FINC.ET DE GEST.TEXAF,BE,932408
BE0974264930,AGEAS SA,BE,929303
BE0974265945,FLUXYS BELGIUM NV,BE,866714
BE0974268972,BPOST SA,BE,89258K
BE0974271034,VIOHALCO SA,BE,93086K
BE0974272040,QRF COMM VA,BE,93763K
BE0974274061,KINEPOLIS GROUP,BE,673493
BE0974275076,2VALORISE NV,BE,53546D
BE0974276082,ONTEX GROUP,BE,8912HP
BE0974278104,ABO-GROUP ENVIRONMENT NV,BE,53986K
BE0974280126,BONE THERAPEUTIC,BE,9293V2
BE0974281132,BIOCARTIS,BE,9447EW
BE0974282148,TINC,BE,94630F
BE0974283153,MITHRA SA,BE,9662ZR
BE0974288202,XIOR STUDENT HOUSING,BE,8746A0
BE0974289218,ASIT AIW,BE,7291Z7
BE0974290224,DEXIA,BE,885000
BE0974293251,ANHEUSER-BUSCH INBEV SA,BE,289504
BE0974294267,NYRSTAR NV,BE,51218T
BE0974300320,ECKERT-ZIEGLER BG,BE,885501
BE0974302342,PHARMASIMPLE SA,FR,2727PY
BE0974303357,CENERGY HOLDINGS,BE,2753M6
BE0974310428,X-FAB,FR,9055ZH
BE0974311434,ZENITEL SA,BE,932515
BE0974313455,ECONOCOM GROUP SE,BE,729463
BE0974314461,BALTA GROUP WI,BE,9103Y2
BE0974320526,UMICORE SA,BE,929345
BE0974323553,SMARTPHOTO GROUP SA,BE,755353
BE0974334667,AUDIOVALLEY SA,FR,9318FC
BE0974349814,WAREHOUSES DE PAUW NV,BE,672654
BE0974352842,HAMON & CIE (INTL.) SA,BE,892030
BE0974362940,BARCO NV,BE,729569
CH0000491206,TFS,FR,673339
CH0008853209,AGTA RECORD,FR,673879
CH0308403085,GENEURO,FR,7080EZ
CM0000035113,STE ANYME.DES BRAS.DU,FR,997815
CWN814651014,MOREFIELD GROUP,NL,999423
CY0104972217,PRIMECITY INV.PLC.,FR,9166RF
FR0000030017,AIR FRANCE EUROPE,FR,729878
FR0000030066,BQ.TRANSATLANTIQUE,FR,936574
FR0000030074,MALTERIES F-BELGES,FR,936724
FR0000030124,PAUL PREDAULT SA,FR,504821
FR0000030140,SOC FR GEST.INVESTI.SA,FR,998071
FR0000030181,FONCIERE DVPPT.LOGEMENTS,FR,776580
FR0000030231,GENERALE FRANCE,FR,929259
FR0000030488,SAFIC ALCAN,FR,936789
FR0000030595,ILE DE FRANCE PHARMAC,FR,505288
FR0000030611,GALIMMO SCA,FR,997953
FR0000030678,SALINS DU MIDI,FR,929369
FR0000030827,IGE + XAO SA,FR,885500
FR0000030942,ATN,FR,885499
FR0000031023,ELECTRICITE STRASBOURG,FR,929290
FR0000031056,CENTENAIRE-BLANZY,FR,997830
FR0000031106,TROC DE L'ILE,FR,885047
FR0000031122,AIR FRANCE-KLM,FR,929286
FR0000031171,OXYGENE EO.,FR,997560
FR0000031197,EXXON MOBIL CHEMICAL,FR,142523
FR0000031213,CONFLANDEY SA,FR,776514
FR0000031312,HUREL DUBOIS,FR,504836
FR0000031320,DAKAR SAINT-LOUIS,FR,772605
FR0000031353,PETIT BATEAU,FR,929798
FR0000031536,ROYAL CANIN,FR,885538
FR0000031551,NORCAN,FR,885550
FR0000031569,MARIE BRIZARD,FR,905529
FR0000031577,VIRBAC,FR,772692
FR0000031684,ROTHSCHILD & CO,FR,936799
FR0000031734,ELYO(EX-UFINER-COFRETH),FR,936850
FR0000031767,ROULEAU GUICHARD,FR,916166
FR0000031775,VICAT SA,FR,997836
FR0000031809,DEVANLAY,FR,916395
FR0000031973,FAYENCERI SARREGUEMIN,FR,936808
FR0000032195,DELACHAUX,FR,772311
FR0000032252,DEVILLE,FR,702529
FR0000032278,LATECOERE,FR,702574
FR0000032294,CARDIF,FR,702653
FR0000032302,MANUTAN INTERNATIONAL SA,FR,702598
FR0000032344,BENEDICTINE,FR,729663
FR0000032393,EDITIONS BELFOND,FR,772613
FR0000032401,RAZEL FRERES,FR,772668
FR0000032468,EXPAND,FR,745155
FR0000032476,IMMOB.COMPLEXES COMMERC.,FR,701577
FR0000032492,SERVICES TRANSPORTS,FR,772675
FR0000032526,GUERBET,FR,741849
FR0000032567,SUPRA,FR,701882
FR0000032658,SYNERGIE SA,FR,936933
FR0000032922,GO SPORT,FR,741155
FR0000032930,GRAND LIVRE MOIS,FR,772625
FR0000033003,TOUAX SGTR CITE SGT CMTE,FR,776595
FR0000033060,BQ.VERNES ARTESIA,FR,772584
FR0000033086,CASCADES,FR,755307
FR0000033110,LOUVRE (STE DU),FR,936721
FR0000033136,FINAXA,FR,930413
FR0000033201,PNEUMATIQUES KLEBER,FR,923518
FR0000033219,ALTAREA,FR,772684
FR0000033243,IMMOBILIERE DASSAULT SA,FR,936965
FR0000033268,VIRAX,FR,936860
FR0000033318,SUCRIERE PITHIVIERS,FR,776576
FR0000033326,LOXXIA EX-LOCAMIC,FR,772640
FR0000033409,SOCIETE FONC.LYONNAISE,FR,929165
FR0000033441,SILEC,FR,936821
FR0000033565,AFE,FR,772575
FR0000033599,LEXIBOOK,FR,885562
FR0000033763,GEP GROUPE PASQUIER,FR,755058
FR0000033771,NISSAN FRANCE,FR,745175
FR0000033797,CET EX-IGF,FR,745296
FR0000033888,GEVELOT,FR,997566
FR0000033904,JACQUET METALS SA,FR,755190
FR0000033912,ONET,FR,755344
FR0000033946,CREDIT DE L'EST,FR,772602
FR0000033953,MARBEN,FR,755369
FR0000034316,SYNCHRONY LOGISTIQUE,FR,885576
FR0000034407,LAMBERT-RIVIERE,FR,504410
FR0000034415,PARFINANCE,FR,772304
FR0000034431,FONCIERE DE PARIS,FR,756334
FR0000034548,UNION FINC.FRANC.SA,FR,756230
FR0000034605,AIROX,FR,885606
FR0000034621,TLD GROUP,FR,936842
FR0000034639,ALTRAN TECHNOLOGIES,FR,756882
FR0000034662,UNILOG,FR,776566
FR0000034787,SIACO,FR,776563
FR0000034795,ROCANI,FR,756889
FR0000034811,SERIBO,FR,776562
FR0000034894,GAUMONT,FR,936669
FR0000034944,BD LEASE,FR,885660
FR0000035008,COFIGEO CIE.FINC.GEO SA,FR,936673
FR0000035040,COFIXEL,FR,981736
FR0000035123,FINATIS,FR,772639
FR0000035164,BENETEAU,FR,749880
FR0000035222,IDP,FR,885745
FR0000035263,LAFUMA,FR,885722
FR0000035305,BD MULTI MEDIA,FR,885742
FR0000035370,BASTIDE CONFORT MEDICAL,FR,885741
FR0000035404,CEDEST,FR,936603
FR0000035420,CROMETAL,FR,772604
FR0000035487,EUROMAN,FR,885743
FR0000035495,CREATIFS EXPOSITIONS,FR,885810
FR0000035511,FONCINA,FR,997896
FR0000035529,DAXEL,FR,885836
FR0000035560,CFC (FIN.CARDANS),FR,740565
FR0000035602,SAIRP COMPOSITES,FR,885838
FR0000035677,LCA FRANCE,FR,885848
FR0000035719,ELEEXD.MADAG.SA,FR,936865
FR0000035743,ETAM DEVELOPPEMENT,FR,885924
FR0000035750,ROUSSELET CENTRIFUGATION,FR,885893
FR0000035776,ENTRELEC GROUP,FR,885897
FR0000035784,EVERGREEN SA,FR,885909
FR0000035800,NETRA SYSTEMS,FR,885927
FR0000035818,ESKER SA,FR,885926
FR0000035883,ARBEL,FR,936555
FR0000035958,SOGEPARC,FR,776564
FR0000035974,HTL.LUTETIA-CONCORDE,FR,776525
FR0000036030,COMPT.LYON ALD.LOUYOT,FR,929214
FR0000036105,AFFINE R E,FR,936943
FR0000036113,DELMON INDUSTRIE,FR,885951
FR0000036121,CAVES ROQUEFORT,FR,929364
FR0000036162,CYBERNETIX,FR,885983
FR0000036196,GTI GL.TRAN.IND.,FR,936846
FR0000036220,SERP RECYCLAGE,FR,885954
FR0000036287,DUC,FR,892048
FR0000036295,CGF GALLET,FR,885995
FR0000036303,LUCIA,FR,930054
FR0000036410,LABORATOIRES CORNEAL,FR,885999
FR0000036428,REP,FR,892047
FR0000036436,DAUPHIN OTA,FR,945214
FR0000036451,PRIMISTERES REYNOIRD,FR,998038
FR0000036543,GENEFIM,FR,776589
FR0000036634,ALDETA,FR,892198
FR0000036642,NORD EST,FR,741672
FR0000036659,PLM,FR,929707
FR0000036667,OMNICOM,FR,892069
FR0000036675,GROUPE CRIT,FR,892199
FR0000036725,IMMOBILIERE BETELGEUSE,FR,936686
FR0000036774,DANE-ELEC MEMORY,FR,892259
FR0000036808,BNP INTERCONTINENTAL,FR,936572
FR0000036816,TOUR EIFFEL,FR,936843
FR0000036857,INTL.PLTNS.D HEVEAS,FR,936699
FR0000036865,MEUNERIE FSE.DE,FR,936739
FR0000036899,ORSAN,FR,936454
FR0000036923,AGACHE,FR,929197
FR0000036931,GENERAL RECYCLAGE SA,FR,892350
FR0000036949,BON MARCHE,FR,929184
FR0000036972,ECIA,FR,936470
FR0000036980,IMMOB.HOTELIERE,FR,776533
FR0000037046,MONTUPET,FR,729570
FR0000037079,CODETOUR,FR,772601
FR0000037202,TAITTINGER SA,FR,923848
FR0000037210,FONCIERE MASSENA,FR,912329
FR0000037269,LABORATOIRES DOLISOS,FR,504409
FR0000037301,GEL 2000,FR,946086
FR0000037384,NAVIGATION NALE.DE,FR,504137
FR0000037392,NERGECO,FR,892783
FR0000037400,NEWTECH INTERACTIVE,FR,892796
FR0000037475,CFI-COMPAGNIE FCRE.ILE.,FR,936627
FR0000037483,FONCIERE CIE.,FR,929218
FR0000037491,CENINVE,FR,997829
FR0000037509,SCAC-DELMAS-VJX.,FR,772656
FR0000037582,OCP,FR,951825
FR0000037624,FIDEI,FR,933182
FR0000037640,ROUGIER SA,FR,997561
FR0000037657,DYNELEC,FR,776489
FR0000037699,GTMH,FR,930029
FR0000037707,IMMOB.MARSEILLAISE,FR,997930
FR0000037749,VERMANDOISE DE SUCR.,FR,776598
FR0000037798,BERTIN & CIE,FR,309018
FR0000037822,CEE CONT.EQU.,FR,944947
FR0000037921,ORFEVRE CHRISTOFLE,FR,998030
FR0000037947,FIMALAC,FR,936720
FR0000037970,MUSEE GREVIN,FR,776573
FR0000037988,LOCAFINANCIERE,FR,993136
FR0000038036,GRAND MARNIER,FR,951473
FR0000038069,L'ENTREPRISE INDUST.,FR,309133
FR0000038101,LA BROSSE DUPONT,FR,776569
FR0000038176,PRODEF SA,FR,776592
FR0000038200,EUROSIC EX,FR,772619
FR0000038242,LUMIBIRD SA,FR,892200
FR0000038259,EUROFINS SCIENTIFIC AG,FR,892981
FR0000038283,GEODIS SA,FR,772310
FR0000038291,SAV.FRA.EX-OPA,FR,892982
FR0000038358,GROUPE PANTIN,FR,776522
FR0000038374,AGRICOLE POINT A PITRE,FR,749875
FR0000038390,EAUX BASSIN VICHY,FR,936638
FR0000038465,PASSAT,FR,892987
FR0000038473,GUITEL,FR,936680
FR0000038499,FONCIERE EURIS SA,FR,997950
FR0000038515,SYLIS,FR,892986
FR0000038531,HF COMPANY,FR,865634
FR0000038549,ENGRENAGES RDC.MESSIAN,FR,936641
FR0000038572,MONOPRIX,FR,936856
FR0000038606,MANITOU,FR,772644
FR0000038747,JACQUET METALS,FR,892797
FR0000038770,DUCROS SER.RAPID,FR,776529
FR0000038804,SOFIBUS PATRIMOINE,FR,772681
FR0000038887,BRIT AIR,FR,879997
FR0000038895,GERARD PASQUIER,FR,922510
FR0000038937,CIE.FINC.ST.HONORE,FR,890386
FR0000039026,EXPLOS.ET PRDS.CHIM.N,FR,936964
FR0000039034,NICOMATIC,FR,890390
FR0000039059,CFF RECYCLING,FR,936649
FR0000039075,FININFO,FR,776518
FR0000039091,ROBERTET SA,FR,905893
FR0000039109,SECHE ENVIRONNEMENT,FR,890413
FR0000039133,PALUEL-MARMONT,FR,998037
FR0000039182,COMPUTEL,FR,776512
FR0000039216,ALTAREIT,FR,936966
FR0000039224,CYRANO,FR,890496
FR0000039232,AUREA SA,FR,936560
FR0000039240,TOUPARGEL GROUPE,FR,892805
FR0000039299,BOLLORE SE,FR,997966
FR0000039307,ETEX,FR,929175
FR0000039356,CROQ 'O' PAIN,FR,890857
FR0000039539,TEISSEIRE-FRANCE,FR,999542
FR0000039547,AB SOFT,FR,890713
FR0000039588,MB ELECTRONIQUE,FR,912916
FR0000039612,BANQUE REUNION,FR,755549
FR0000039620,MERSEN (EX LCL),FR,936590
FR0000039695,POCHET SA,FR,912640
FR0000039760,WAELES SA,FR,504141
FR0000039778,EUREXIA,FR,895678
FR0000039786,ETOILE COMIT.,FR,776530
FR0000039844,AES LABORATOIRES GPE,FR,673165
FR0000044414,NEXO SA,FR,259152
FR0000044422,CARRERE GROUP,FR,259207
FR0000044448,NEXANS SA,FR,259181
FR0000044471,RAMSAY GEN SANTE,FR,259250
FR0000044489,SETFORGE,FR,259324
FR0000044497,SAM,FR,259323
FR0000044513,NOMATICA,FR,259267
FR0000044521,DOMATEAM AUD,FR,259170
FR0000044547,CRCAM AQUITAINE,FR,259326
FR0000044554,BEGHIN-SAY,FR,259355
FR0000044562,CEREOL,FR,259360
FR0000044588,PROVIMI SA,FR,259364
FR0000044612,AFONE PARTICIPATIONS SA,FR,259260
FR0000044679,THE MARKETINGROUP SA,FR,14867P
FR0000044745,EVERSET,FR,259436
FR0000044885,IDEOM,FR,14652X
FR0000044901,INTERCALL,FR,692702
FR0000044943,LOGIC INSTRUMENT SA,FR,258061
FR0000045023,GINGER SA,FR,14767D
FR0000045072,CREDIT AGRICOLE SA,FR,14866R
FR0000045163,CREDIT AGRICOLE BRIE,FR,504504
FR0000045189,CREDIT AGRICOLE SOMME,FR,539983
FR0000045213,CRCAM ILLE-VIL.CCI,FR,307769
FR0000045221,CR.AGR.HAUTE NORM.,FR,307774
FR0000045254,CREDIT AGRICOLE OISE,FR,307657
FR0000045262,CREDIT AGR.MIDI (3EME),FR,504417
FR0000045296,CREDIT AGR.CENTRE LOIRE,FR,881621
FR0000045304,CAI.REG CRED AGRIC MUT,FR,309103
FR0000045528,CARDE.CAMU.DE PA.EIFR.,FR,776516
FR0000045544,CREDIT AGRICOLE TOULOUSE,FR,539984
FR0000045551,CR.AGRICOLE MORBIHAN,FR,539980
FR0000050049,VIEL ET CIE,FR,779361
FR0000050072,INTV.& FIN.INVESTI.,FR,776534
FR0000050122,TITUS INTERACTIVE,FR,868576
FR0000050197,PETITJEAN INDS.,FR,504822
FR0000050205,IDIANOVA PARTICIPATIONS,FR,504343
FR0000050221,IMMEUBLES PLAINE MONCEAU,FR,936689
FR0000050254,MECADYNE,FR,776572
FR0000050288,GPRI,FR,504501
FR0000050304,SOGERIS,FR,504468
FR0000050320,RADIALL SA,FR,504512
FR0000050353,LISI,FR,504524
FR0000050395,CROSSWOOD,FR,504660
FR0000050445,SPORTFIVE,FR,868577
FR0000050452,ASSCE.BQ.POPULAIRE,FR,504917
FR0000050460,DAL'ALU,FR,868696
FR0000050510,GRAVOGRAPH,FR,504962
FR0000050544,TECHNOMED INTL.,FR,505016
FR0000050551,CFPI,FR,505046
FR0000050569,FAROS,FR,885027
FR0000050593,BIOPAT,FR,505336
FR0000050619,EURO.DE DS.ET DE PESAGE,FR,505045
FR0000050643,PIER IMPORT EUROPE,FR,505112
FR0000050684,BELLE JARDINIERE,FR,701928
FR0000050742,FRANKOPARIS,FR,504763
FR0000050809,SOPRA STERIA GROUP,FR,505319
FR0000050817,LOUIS DREYFUS CITRUS,FR,885003
FR0000050882,IPBM,FR,505390
FR0000050908,FICHET-BAUCHE,FR,923301
FR0000050916,SILIC,FR,930145
FR0000050932,FINANCIERE NATEXIS,FR,505532
FR0000050957,BUT SA,FR,505547
FR0000050965,UNIDEV,FR,505548
FR0000051047,METAL DEPLOYE,FR,997967
FR0000051070,MAUREL ET PROM,FR,505969
FR0000051153,TROUVAY ET CAUVIN,FR,539633
FR0000051187,GAUTIER FRANCE,FR,539671
FR0000051351,VULCANIC,FR,307022
FR0000051401,INTERNATIONAL COMPUTER,FR,307120
FR0000051534,PARIS EXPO,FR,142585
FR0000051674,GRANDE PAROISSE,FR,936678
FR0000051682,SEAE,FR,307490
FR0000051724,VEV,FR,929196
FR0000051732,ATOS,FR,740622
FR0000051757,EUROMARCHE,FR,951915
FR0000051807,TELEPERFORMANCE,FR,936782
FR0000051898,ELECTRO BANQUE,FR,776515
FR0000051948,CASE POCLAIN,FR,923255
FR0000051955,SOPAGRI,FR,997897
FR0000052003,HOTELS DEAUVILLE,FR,936682
FR0000052037,CONFORAMA R,FR,755798
FR0000052193,FONCIA GROUPE,FR,258623
FR0000052243,NAF-NAF,FR,309064
FR0000052292,HERMES INTERNATIONAL,FR,309037
FR0000052359,ASTORG,FR,936770
FR0000052367,PARTHENA INVESTISSEMENT,FR,729873
FR0000052433,ICBT GROUPE,FR,309363
FR0000052490,VALORUM,FR,142516
FR0000052516,VILMORIN ET CIE,FR,309810
FR0000052532,VINIPRIX,FR,929359
FR0000052565,FINABAIL,FR,309706
FR0000052623,DEDALUS FRANCE SA,FR,756231
FR0000052680,OENEO,FR,142666
FR0000052763,MEDIASCIENCE,FR,142307
FR0000052797,CREANET,FR,142560
FR0000052839,DOM SECURITY SA,FR,142425
FR0000052847,MONTAIGNE DIRECT,FR,142484
FR0000052854,SYSTAR,FR,142642
FR0000052862,SEDIVER,FR,142444
FR0000052870,XPO LOGISTICS,FR,142650
FR0000052896,PARIS.DE CHAUFFAGE,FR,929243
FR0000052904,KINDY SA,FR,142435
FR0000052920,DYNAFOND,FR,142750
FR0000052946,CIDER SANTE SA,FR,142460
FR0000052961,CHARLATTE,FR,142452
FR0000052979,GRANDVISION,FR,142511
FR0000052987,SEXTANT AVIONIQUE,FR,916057
FR0000052995,SYLEA,FR,142693
FR0000053027,AKWEL SA,FR,142677
FR0000053035,GEA GREN.ELECTQ.,FR,142673
FR0000053043,ADVINI,FR,142841
FR0000053076,ADA SA,FR,142806
FR0000053092,GROUPE DECAN,FR,142902
FR0000053100,GROUPE VALFOND,FR,143481
FR0000053134,OPTORG,FR,936753
FR0000053142,FAIVELEY TRANSPORT,FR,143061
FR0000053175,PETIT BOY,FR,143121
FR0000053191,MOSSLEY BADIN,FR,143215
FR0000053209,FINC.ET FONC.EUROBAIL,FR,992760
FR0000053225,M6-METROPOLE TV,FR,143198
FR0000053233,INFOPOINT,FR,143186
FR0000053274,AIGLE,FR,143240
FR0000053282,FACTOREM,FR,143239
FR0000053324,COMPAGNIE DES ALPES,FR,143369
FR0000053340,RIGHINI,FR,143325
FR0000053381,DERICHEBOURG,FR,143409
FR0000053399,CNIM GROUPE SA,FR,143554
FR0000053415,GRANDE ARMEE INVESTI.,FR,881482
FR0000053423,MECATHERM,FR,143416
FR0000053449,GROUPE DIFFUSION +,FR,143503
FR0000053456,SOCIETE FINC.DE COMM.ET,FR,866209
FR0000053480,APEM,FR,143642
FR0000053506,CEGEDIM,FR,143693
FR0000053514,PCAS,FR,143673
FR0000053589,ASSYSTEM,FR,143789
FR0000053597,NOMAI,FR,143795
FR0000053605,LOCAFRANCE,FR,929207
FR0000053639,FRAIKIN,FR,143985
FR0000053647,DU PAREIL MEME,FR,135485
FR0000053670,INFO REALITE,FR,135486
FR0000053720,IDEAL MEDICAL PRODUCTS,FR,881484
FR0000053803,INFRA PLUS,FR,866094
FR0000053837,ALTAMIR,FR,866185
FR0000053944,FONCIERE VOLTA,FR,866280
FR0000054066,CTA HOLDING,FR,885045
FR0000054132,DELFINGEN,FR,866358
FR0000054165,INFOSOURCES,FR,866442
FR0000054199,ST DUPONT,FR,885046
FR0000054207,ARKOPHARMA SA,FR,866526
FR0000054215,UNIBEL,FR,936591
FR0000054231,HIGH CO,FR,866525
FR0000054264,GROUPE ENVERGURE CONSEIL,FR,866536
FR0000054272,SOREFICO COIFFURE SA,FR,866578
FR0000054280,EUROPE AUTO IND.,FR,866562
FR0000054298,MONEYLINE,FR,866618
FR0000054314,LACIE SA,FR,866614
FR0000054322,CIBOX INTERACTIVE,FR,866634
FR0000054348,BERTHET BONDET,FR,866645
FR0000054405,EVIALIS SA,FR,866679
FR0000054421,BOURRELIER GROUP SA,FR,866704
FR0000054439,FLAMMARION,FR,866705
FR0000054470,UBISOFT ENTERTAINMENT SA,FR,866709
FR0000054488,MILLE AMIS,FR,866786
FR0000054496,EURODIRECT MARKETING,FR,866785
FR0000054504,QBIOGENE,FR,866798
FR0000054546,SERF,FR,866998
FR0000054587,XRT,FR,881541
FR0000054603,WALTER,FR,881572
FR0000054611,ELIXENS,FR,881620
FR0000054637,SOFTWAY MEDICAL,FR,881827
FR0000054645,REGIONAL AIRLINES,FR,881826
FR0000054652,ALES GROUPE,FR,881832
FR0000054660,MARC ORIAN,FR,881858
FR0000054678,EURO RESSOURCES SA,FR,881857
FR0000054686,LVL MEDICAL GROUPE,FR,881915
FR0000054694,NATUREX,FR,881988
FR0000054793,THERMATEC INGENIERIE,FR,885097
FR0000054900,TF1 (TV.FSE.1),FR,755793
FR0000057903,UNIVERSAL MULTIMEDIA,FR,15393V
FR0000057937,SIIC DE PARIS,FR,936690
FR0000057945,GEOREX,FR,309104
FR0000060055,BOURGEOIS SA,FR,772589
FR0000060071,SAMSE SA,FR,540159
FR0000060121,SAINT JEAN GROUPE,FR,540158
FR0000060154,SMOBY,FR,944481
FR0000060170,SIRAGA,FR,885123
FR0000060196,MRM INDUSTRIES,FR,539958
FR0000060204,DOCKS LYONNAIS SA,FR,936631
FR0000060303,COVIVIO HOTELS SCA,FR,741789
FR0000060329,PSB INDUSTRIES,FR,539999
FR0000060378,SASA INDUSTRIE,FR,885136
FR0000060386,AXORYS,FR,885140
FR0000060402,ALBIOMA,FR,540162
FR0000060410,ID FUTURE SA,FR,885091
FR0000060428,COMPAGNIE DU MONT BLANC,FR,505226
FR0000060451,INSTALLUX,FR,772630
FR0000060501,CFAO,FR,68419M
FR0000060535,FIDUCIAL REAL ESTATE,FR,539962
FR0000060576,MATUSSIERE FOREST SA,FR,539963
FR0000060618,RALLYE,FR,729209
FR0000060790,SIGNAUX GIROD,FR,772678
FR0000060824,FINANCIERE MARJOS,FR,772599
FR0000060832,PRECIA,FR,772665
FR0000060840,DEVERNOIS,FR,772617
FR0000060857,ALAIN MANOUKIAN,FR,772578
FR0000060873,MBWS,FR,885249
FR0000060949,TIVOLY,FR,772689
FR0000060972,JOUETS CLAIRBOIS,FR,772635
FR0000061004,DEVEAUX SA,FR,772610
FR0000061020,SELECTION INVEST,FR,772674
FR0000061087,HENRI MAIRE,FR,755059
FR0000061129,BOIRON SA,FR,755323
FR0000061137,BURELLE SA,FR,772377
FR0000061178,DISTRIBORG,FR,756886
FR0000061202,ANDRE TRIGANO,FR,539966
FR0000061244,MECELEC COMPOSITES SA,FR,539992
FR0000061384,BIJOUX ALTESSE,FR,539970
FR0000061418,FIDU OFF(EX SAC),FR,539994
FR0000061459,GERARD PERRIER,FR,881494
FR0000061566,GECIMED,FR,307006
FR0000061608,PISCINES DESJOYAUX SA,FR,307583
FR0000061731,HYPARLO,FR,866563
FR0000061764,CORA INDUSTRIES,FR,892260
FR0000061780,AUGROS CP,FR,892666
FR0000061954,ALPHAMEDIA,FR,893782
FR0000062101,SC.FME.DU CNO.DE CANNES,FR,539941
FR0000062168,HOLOGRAM INDUSTRIES,FR,673103
FR0000062176,AGRICOLE DE LA CRAU SA,FR,936545
FR0000062184,IDSUD,FR,772596
FR0000062234,FINANCIERE DE L ODET SE,FR,936644
FR0000062341,FIEBM,FR,997926
FR0000062465,VERNEUIL FINANCE SA,FR,540166
FR0000062663,JESTIN,FR,673231
FR0000062671,GROUPE GORGE,FR,673217
FR0000062713,TRANSICIEL,FR,673281
FR0000062721,PARSYS,FR,673341
FR0000062739,FIBERTEX NONWOVENS,FR,673374
FR0000062788,BARBARA BUI,FR,673444
FR0000062796,VRANKEN-POMMERY MONOPOLE,FR,673494
FR0000062812,SEAL'S,FR,692119
FR0000062846,MICROCAST,FR,692886
FR0000062853,MONDIAL PECHE,FR,673749
FR0000062861,GROUPE PHILIPPE BOSC,FR,673496
FR0000062879,MERMET INDUSTRIES,FR,673561
FR0000062952,DURAND ALLIZE,FR,673841
FR0000062960,RECIF,FR,673858
FR0000062978,ADLPARTNER,FR,673853
FR0000062994,RODRIGUEZ GROUP,FR,673882
FR0000063018,OXYMETAL SA,FR,673982
FR0000063091,ANF IMMOBILIER SA,FR,936554
FR0000063158,PAPIERS PEINTS,FR,539961
FR0000063265,FONCIERE R-PARIS,FR,936656
FR0000063307,TAYNINH,FR,936839
FR0000063315,CONTE,FR,936566
FR0000063380,PARTICIPEX,FR,881502
FR0000063513,EGTN,FR,540167
FR0000063638,SODICE,FR,539996
FR0000063653,SICAL SA,FR,881506
FR0000063737,AUBAY,FR,682785
FR0000063752,AUDIKA GROUPE,FR,673926
FR0000063794,NETWORK RELATED SERVICES,FR,682844
FR0000063844,DESK,FR,682677
FR0000063869,REPONSE,FR,682789
FR0000063893,AFIBEL,FR,682883
FR0000063919,BRICODEAL,FR,682790
FR0000063935,BONDUELLE SA,FR,682921
FR0000063950,ERMO,FR,682854
FR0000063968,FPEE,FR,682845
FR0000063976,STREIT MECANIQUE SA,FR,692065
FR0000063992,PARCOURS SA,FR,682916
FR0000064073,BL BERGER-LEVRAULT,FR,936698
FR0000064123,BACCARAT,FR,936622
FR0000064164,EXACOMPTA SA,FR,539959
FR0000064214,GANTOIS,FR,539946
FR0000064222,FALA,FR,539939
FR0000064255,ROCAMAT,FR,998049
FR0000064271,STEF,FR,681804
FR0000064297,INNELEC MULTIMEDIA,FR,682871
FR0000064305,FONCIERE EU.LOGISTIQUE,FR,682849
FR0000064354,BIODOME,FR,682857
FR0000064388,TONNA ELECTRONIQUE,FR,772690
FR0000064404,MEDIA 6,FR,682870
FR0000064438,OTOR,FR,682917
FR0000064446,CATERING INTL.SVS.,FR,682895
FR0000064511,SCHAEFFER,FR,936814
FR0000064529,NSC GROUPE,FR,910417
FR0000064560,CREDIT FONCIER COMMUNAL,FR,936619
FR0000064578,COVIVIO SA,FR,772623
FR0000064602,ACANTHE DEVELOPPEMENT,FR,539931
FR0000064784,FFP SA,FR,505086
FR0000064826,FLOREANE MED.OPA,FR,681805
FR0000064859,WESTERN TELECOM,FR,685019
FR0000064917,LA PERLA WORLD,FR,685075
FR0000064941,MARIONNAUD PARFUMERIES,FR,685076
FR0000064966,TEAMLOG SA,FR,685073
FR0000064974,NEYRIAL HAUTE TECH.,FR,685087
FR0000065211,MLPC INTERNATIONAL,FR,539957
FR0000065260,DOCKS DES PTLS.D'AMBES,FR,539937
FR0000065278,HOPSCOTCH GROUPE,FR,685072
FR0000065393,COURTOIS SA,FR,539934
FR0000065435,BISCUITS GARDEIL,FR,749535
FR0000065450,TECHNOFAN SA,FR,772314
FR0000065484,LECTRA,FR,755235
FR0000065492,SELCODIS,FR,756885
FR0000065526,BANQUE TARNEAUD,FR,539968
FR0000065575,COM 1,FR,531888
FR0000065666,MEDIDEP,FR,685089
FR0000065674,STALLERGENES,FR,685132
FR0000065708,CF2M,FR,685253
FR0000065765,VISIODENT SA,FR,692553
FR0000065773,IMPRIMERIE CHIRAT,FR,685506
FR0000065864,SOGECLAIR,FR,692011
FR0000065922,CYBER PRESS PBL SA,FR,685824
FR0000065930,FONCIERE 7 INVESTI.,FR,685867
FR0000065971,GRAINE VOLTZ,FR,685906
FR0000065997,SOLERI,FR,685952
FR0000066094,SDR BRETAGNE,FR,505391
FR0000066136,BOULANGERIES DE L'EUROPE,FR,685996
FR0000066177,COMPAGNIE LA LUCETTE,FR,936707
FR0000066219,CIE INDUST.FINC.ENTRE.SA,FR,539950
FR0000066250,MACC SA,FR,772642
FR0000066276,BRIOCHE PASQUIER,FR,772590
FR0000066284,IPO,FR,755901
FR0000066441,POUJOULAT,FR,539993
FR0000066482,TIPIAK,FR,505655
FR0000066540,HERIGE,FR,539997
FR0000066607,LACROIX GROUP SA,FR,308335
FR0000066664,OPERA CONSTRUCTION,FR,685938
FR0000066672,GL EVENTS,FR,692009
FR0000066680,VIDELIO,FR,685949
FR0000066722,GUILLEMOT CORPORATION,FR,692015
FR0000066755,HAULOTTE GROUP,FR,692039
FR0000066789,CRYO,FR,692063
FR0000066839,CGBI,FR,692062
FR0000066847,EURO CARGO SERVICES,FR,692127
FR0000066938,IOLTECH,FR,692061
FR0000066961,BERNARD LOISEAU SA,FR,692168
FR0000066995,AVERYS,FR,692219
FR0000071763,TELECOM RESEAUX SVS.,FR,692438
FR0000071789,D INTERACTIVE,FR,692362
FR0000071797,INFOTEL,FR,692398
FR0000071854,COTTIN FRERES,FR,692397
FR0000071946,ALTEN,FR,692445
FR0000071995,EDIP,FR,692439
FR0000072084,GL TRADE,FR,692528
FR0000072159,MAITRE FOURNIL,FR,692541
FR0000072167,GROUPE ARES,FR,692627
FR0000072183,PRONUPTIA DE PARIS SA,FR,308903
FR0000072233,ALGORIEL,FR,692559
FR0000072340,BAGSTER SA,FR,692684
FR0000072357,HUIS CLOS,FR,692649
FR0000072365,LABEYRIE,FR,692703
FR0000072373,EGIDE,FR,672579
FR0000072399,LE BELIER,FR,672581
FR0000072456,GROUPE GO SPORT,FR,692686
FR0000072472,CONSORS FRANCE,FR,692775
FR0000072548,UBIQUS,FR,692755
FR0000072563,SODIFRANCE SA,FR,692871
FR0000072597,IT LINK,FR,692927
FR0000072852,ELIT GROUP,FR,692932
FR0000072894,CAST SA,FR,672510
FR0000072910,GROUPE STERIA SCA,FR,672558
FR0000072969,ESR,FR,672512
FR0000072993,MAKHEIA GROUP,FR,672521
FR0000073041,PIERRE ET VACANCES,FR,672583
FR0000073074,CARTOPLAST SA,FR,672611
FR0000073181,PETIT FORESTIER,FR,672661
FR0000073272,SAFRAN SA,FR,929273
FR0000073298,IPSOS SA,FR,672675
FR0000073355,COALA,FR,672662
FR0000073553,VIDELEC SA,FR,672708
FR0000073595,SPARFLEX SA,FR,672788
FR0000073686,ICADEFONCPIMONTS,FR,672898
FR0000073728,SERMA GROUP SA,FR,672810
FR0000073751,BOIS ET CHIFFONS,FR,672814
FR0000073793,DEVOTEAM SA,FR,276439
FR0000073843,ITS GROUP,FR,273723
FR0000073975,METROLOGIC GROUP,FR,273725
FR0000074072,BIGBEN INTERACTIVE,FR,276440
FR0000074122,SII,FR,276437
FR0000074148,ASSYSTEM,FR,276429
FR0000074155,PISCINES WATERAIR,FR,276436
FR0000074171,LUNDIN INTERNATIONAL,FR,997842
FR0000074197,UNION TECHNOLOGIES INF.,FR,276478
FR0000074247,CAMELEON SOFTWARE,FR,276528
FR0000074254,BOURSE DIRECT,FR,276489
FR0000074262,MORIA,FR,992559
FR0000074270,AUTOMA-TECH,FR,276497
FR0000074288,COMPOBAIE,FR,276481
FR0000074296,ALTI,FR,276496
FR0000074346,GROUPECYBER,FR,276550
FR0000074361,CJS-PLV,FR,276600
FR0000074676,PROVAL,FR,276613
FR0000074759,FLEURY MICHON,FR,276759
FR0000074775,STRADIM ESPACE FIN.SA,FR,276711
FR0000074783,ARTMARKET COM SA,FR,276706
FR0000074791,OCEI,FR,276731
FR0000074999,LABORATOIRE NPC,FR,276956
FR0000075053,SELF TRADE,FR,289004
FR0000075087,LIBERTY SURF,FR,289003
FR0000075095,GIFI,FR,289005
FR0000075152,LYCOS FRANCE,FR,276954
FR0000075228,BOURSORAMA (EX FIMATEX),FR,288917
FR0000075244,GROUPE DIWAN,FR,288919
FR0000075335,TELECOM CITY SA,FR,288922
FR0000075343,EUROMEDIS GROUPE,FR,288926
FR0000075392,ORAPI,FR,288947
FR0000075434,ZENI,FR,288985
FR0000075442,LDLC.COM,FR,289053
FR0000075517,SOFT COMPUTING,FR,289073
FR0000075673,LE TANNEUR ET CIE,FR,289106
FR0000075699,DOMIA GROUP,FR,289065
FR0000075756,ITS GP IMPLN TECH SFTW,FR,289154
FR0000075764,COUACH,FR,289089
FR0000075780,GAUDRIOT SA,FR,289159
FR0000075921,NET2S SA,FR,289179
FR0000075954,RIBER,FR,289191
FR0000076051,BUSINESS INTERACTIF,FR,289192
FR0000076150,DOCTISSIMO,FR,289195
FR0000076192,BCI NAVIGATION,FR,289228
FR0000076267,QUATERNOVE,FR,289229
FR0000076416,TELEMEDIA GROUP,FR,298676
FR0000076481,LES TROIS CHENES,FR,289244
FR0000076549,MR ET ASSOCIES,FR,776585
FR0000076572,ALCION GROUP,FR,289371
FR0000076622,SITICOM GROUP SA,FR,289301
FR0000076655,ACTIA GROUP,FR,289392
FR0000076861,ACTEOS,FR,289334
FR0000076887,AST GROUPE,FR,289317
FR0000076952,ARTOIS INDFIN.DE L'ARTO.,FR,936795
FR0000076986,MONCEY FINANCIERE,FR,998085
FR0000076994,AB GROUPE,FR,289363
FR0000077117,LAROCHE SA,FR,289383
FR0000077158,VET AFFAIRES,FR,289373
FR0000077182,NSI,FR,298881
FR0000077190,REXAN,FR,298538
FR0000077232,REVIVAL EXPANSION SA,FR,298771
FR0000077562,HIOLLE INDUSTRIES,FR,264306
FR0000077570,MICROPOLE,FR,264735
FR0000077679,SOLARONICS TECHS SA,FR,266005
FR0000077828,CONSORT NT,FR,265523
FR0000077885,DAMARIS SA,FR,267465
FR0000077919,JCDECAUX,FR,259244
FR0000077976,INNOCABLE SA,FR,271080
FR0000077992,PACTE NOVATION,FR,269847
FR0000078081,CODICO SA,FR,289423
FR0000078321,SODITECH SA,FR,289832
FR0000078339,CCA INTERNATIONAL,FR,289422
FR0000078370,GESPAC SYSTEM,FR,292862
FR0000078750,GROUPE COPLAN,FR,259452
FR0000078859,EBIZCUSS.COM SA,FR,257148
FR0000078875,RICHEL GROUP,FR,13267E
FR0000078958,BUSINESS ET DECISION SA,FR,13484D
FR0000079147,U10 CORP. SA,FR,276568
FR0000079154,CIE DEV DURABLE-C2D,FR,276584
FR0000079196,ORANGE,FR,258493
FR0000079345,MAXI-LIVRES/PROFRANCE,FR,309853
FR0000079600,GAMELOFT SE,FR,289245
FR0000079634,GECI INTERNATIONAL SA,FR,258569
FR0000079659,COMPAGNIE DU CAMBODGE,FR,936588
FR0000079667,CAOUTCHOUCS PADANG,FR,936755
FR0000079683,ARTEFACT SA,FR,36171T
FR0000079691,IDS,FR,258577
FR0000079824,DIGITECH SA,FR,258610
FR0000079980,ULRIC DE VARENS SA,FR,259124
FR0000120008,ISIS,FR,879899
FR0000120032,SOMMER-ALLIBERT,FR,929213
FR0000120073,L AIR LQE.SC.ANYME.POUR,FR,923295
FR0000120107,SAVENCIA,FR,992701
FR0000120172,CARREFOUR SA,FR,922029
FR0000120222,CNP ASSURANCES,FR,685687
FR0000120255,ALSPI,FR,929216
FR0000120263,BP FRANCE,FR,929190
FR0000120271,TOTAL SE,FR,912398
FR0000120289,GUYENNE & GASCOGNE SA,FR,916750
FR0000120321,L'OREAL,FR,923386
FR0000120347,FINEXTEL,FR,923529
FR0000120370,IMMEUBLES DE FRANCE,FR,936688
FR0000120388,RECYLEX SA,FR,936869
FR0000120404,ACCOR,FR,929363
FR0000120412,SKIS ROSSIGNOL SA,FR,929365
FR0000120420,ELF AQUITAINE SA,FR,923054
FR0000120503,BOUYGUES SA,FR,923500
FR0000120529,SUEZ(ROMPUS),FR,929289
FR0000120537,LAFARGE SA,FR,916745
FR0000120552,NORD-EST,FR,930012
FR0000120560,QUADIENT SA,FR,692552
FR0000120578,SANOFI,FR,992594
FR0000120602,GROUPE GTM,FR,929250
FR0000120610,LEGRAND,FR,916294
FR0000120628,AXA,FR,936732
FR0000120644,DANONE,FR,912833
FR0000120669,ESSO,FR,929189
FR0000120685,NATIXIS,FR,929283
FR0000120693,PERNOD-RICARD,FR,923539
FR0000120735,FINC. POLIET,FR,923546
FR0000120776,SOPHIA SA,FR,936700
FR0000120784,REDOUTE (LA),FR,916318
FR0000120800,MERLIN GERIN,FR,929205
FR0000120818,CR.FONC.FRANCE,FR,922467
FR0000120859,IMERYS,FR,912049
FR0000120883,SOVAC,FR,946167
FR0000120891,ERIDANIA BEGHIN SAY,FR,929270
FR0000120933,ENTENIAL (EX CDE),FR,936612
FR0000120966,BIC SA,FR,930885
FR0000121014,LVMH,FR,916658
FR0000121022,CGIP,FR,952288
FR0000121097,INSTITUT MERIEUX,FR,930083
FR0000121105,PROMODES CI.,FR,982507
FR0000121121,EURAZEO SE,FR,923284
FR0000121147,FAURECIA SE,FR,937211
FR0000121170,SYNTHELABO,FR,929204
FR0000121188,UIS,FR,933262
FR0000121196,SAT,FR,930270
FR0000121204,WENDEL,FR,929215
FR0000121220,SODEXO,FR,993597
FR0000121246,GALERIES LAFAYETTE,FR,923511
FR0000121261,MICHELIN,FR,912397
FR0000121295,LEBON,FR,936715
FR0000121329,THALES SA,FR,923543
FR0000121337,DMC(DOLLFUS MIEG),FR,929195
FR0000121352,LOCINDUS,FR,916063
FR0000121402,IMMOBILIERE PHENIX,FR,923843
FR0000121410,BANCAIRE CIE.,FR,922027
FR0000121444,NOUVELLES GALERIES,FR,929183
FR0000121485,KERING SA,FR,923657
FR0000121501,PEUGEOT SA,FR,912709
FR0000121543,MOULINEX,FR,923234
FR0000121568,CLUB MEDITERRANEE SA,FR,923814
FR0000121626,BIS,FR,933261
FR0000121634,COLAS SA,FR,929247
FR0000121642,COMPT.MODERNES,FR,936611
FR0000121667,ESSILORLUXOTTICA SA,FR,936514
FR0000121683,DOCKS DE FRANCE,FR,929705
FR0000121691,NRJ GROUP,FR,289270
FR0000121709,SEB SA,FR,936411
FR0000121725,DASSAULT AVIATION,FR,936564
FR0000121733,SFIM,FR,936647
FR0000121766,INTERTECHNIQUE,FR,997940
FR0000121808,SIMCO R,FR,936854
FR0000121824,SEFIMEG,FR,930826
FR0000121832,MATRA-HACHETTE,FR,923962
FR0000121840,AUSSEDAT REY,FR,936471
FR0000121857,BEL SA,FR,929228
FR0000121873,ECCO,FR,992993
FR0000121881,HAVAS SA,FR,936677
FR0000121907,BERTRAND FAURE,FR,930634
FR0000121923,VIA BANQUE,FR,772574
FR0000121931,ARJOMARI-PRIOUX,FR,929210
FR0000121949,FACOM SA,FR,929268
FR0000121972,SCHNEIDER ELECTRIC SE,FR,998075
FR0000121998,UIF,FR,772572
FR0000124000,RUE IMPERIALE,FR,933062
FR0000124125,BERGER,FR,936578
FR0000124133,OBERTHUR TECHNOLOGIES SA,FR,289380
FR0000124141,VEOLIA ENVIRONNEMENT,FR,289374
FR0000124158,WANADOO,FR,289401
FR0000124232,GROUPE IRD,FR,936626
FR0000124315,SADE,FR,998052
FR0000124356,SALVEPAR,FR,730970
FR0000124414,GASCOGNE,FR,772562
FR0000124570,CIE.PLAST.OMN.SE,FR,923891
FR0000124703,CEGID GROUP,FR,702157
FR0000125007,SAINT GOBAIN,FR,741689
FR0000125213,DE DIETRICH,FR,936963
FR0000125247,HUTCHINSON,FR,936466
FR0000125270,PRIMAGAZ,FR,929288
FR0000125338,CAPGEMINI SE,FR,702043
FR0000125346,INGENICO GROUP,FR,921366
FR0000125437,DASSAULT ELECTQ.,FR,982782
FR0000125445,UFB LOCABAIL,FR,772570
FR0000125452,SLIGOS,FR,772679
FR0000125460,CANAL PLUS(STE ED),FR,756920
FR0000125478,BAZAR DE L' HTL.VILLE,FR,929182
FR0000125486,VINCI SA,FR,772568
FR0000125494,CERUS CIE.EURO.REUN.,FR,906100
FR0000125585,CASINO GUICHARD-P,FR,923254
FR0000125684,ZODIAC AEROSPACE SA,FR,993501
FR0000125700,CREDIT COML.DE FRANCE SA,FR,745154
FR0000125809,ROCHETTE (LA),FR,929209
FR0000125825,LABINAL,FR,929181
FR0000125858,BOLLORE,FR,702883
FR0000125908,LEGRIS INDUSTRIES,FR,997482
FR0000125916,JEAN LEFEBVRE,FR,936643
FR0000125924,AGF-ASR.GL.DE FRN.SA,FR,730971
FR0000125932,GAN,FR,776521
FR0000125940,SCHNEIDER,FR,997871
FR0000125999,BAIL INVESTI.FONCIERE SA,FR,307274
FR0000127771,VIVENDI,FR,923139
FR0000130007,ALCATEL-LUCENT,FR,755022
FR0000130106,HAVAS,FR,929278
FR0000130155,ALCATEL O SA,FR,267960
FR0000130213,LAGARDERE GROUPE,FR,998500
FR0000130262,UAP CIE.,FR,505479
FR0000130288,GROUPE DE LA CITE,FR,929276
FR0000130353,DYNACTION,FR,772611
FR0000130361,CETELEM,FR,936594
FR0000130387,DEXIA FRANCE,FR,307419
FR0000130395,REMY COINTREAU,FR,307428
FR0000130403,CHRISTIAN DIOR SA,FR,539616
FR0000130411,VIVARTE,FR,929370
FR0000130437,POLIET,FR,930008
FR0000130445,DEGREMONT,FR,930632
FR0000130452,EIFFAGE,FR,936469
FR0000130460,AVENTIS SA,FR,308549
FR0000130510,LAPEYRE,FR,307566
FR0000130528,SITA,FR,936800
FR0000130551,HACHETTE FILIPACCHI,FR,933392
FR0000130577,PUBLICIS GROUPE SA,FR,936775
FR0000130601,SIDEL,FR,309451
FR0000130635,NRJ,FR,505109
FR0000130650,DASSAULT SYSTEMES SE,FR,866708
FR0000130676,PATHE,FR,866642
FR0000130692,CHARGEURS SA,FR,866641
FR0000130700,BOUYGUES OFFSHORE,FR,881844
FR0000130759,FIVES LILLE,FR,929177
FR0000130809,SOCIETE GENERALE SA,FR,755457
FR0000131005,MATRA,FR,916716
FR0000131104,BNP PARIBAS,FR,309449
FR0000131492,GUILBERT,FR,701648
FR0000131708,TECHNIP,FR,143241
FR0000131716,UGINE SA,FR,929265
FR0000131724,UN.ASSCE.FEDERALES,FR,309907
FR0000131732,SPIR COMMUNICATION PLC.,FR,504853
FR0000131757,ERAMET SA,FR,143191
FR0000131906,RENAULT SA,FR,143366
FR0000132300,SEITA,FR,143565
FR0000133167,OLIPAR,FR,866365
FR0000133308,ORANGE SA,FR,885569
FR0000182453,EUROCRYSTAL SA,FR,15188W
FR0000182479,ARCHOS SA,FR,15211F
FR0000184186,ALAIN AFFLELOU,FR,15376V
FR0000184202,CREDIT LYONNAIS,FR,672718
FR0000184798,ORPEA SA,FR,15406Q
FR0000185423,DAMARTEX,FR,25744K
FR0000185480,PHONE WEB,FR,26038V
FR0000185506,CRCAM ATLANTIQUE VENDEE,FR,26012J
FR0000185514,CAI.REG CR.AGRIC MUT,FR,539982
FR0000185522,SAGA,FR,929298
FR0000185621,KEYYO,FR,673748
FR0000185670,CAC SYSTEMES,FR,685074
FR0004005924,AEDIAN,FR,288920
FR0004007813,KAUFMAN ET BROAD,FR,276765
FR0004008209,CAMAIEU,FR,289277
FR0004010338,GROUPE JAJ,FR,308061
FR0004011534,PARIBAS,FR,741892
FR0004016699,SC.MARS.DU TUN.PRADO,FR,29178C
FR0004022754,DOLPHIN INTEGRATION SA,FR,26855U
FR0004023208,BASSAC,FR,413538
FR0004024016,DARTY,FR,951668
FR0004024222,INTERPARFUMS,FR,142572
FR0004026151,ITESOFT,FR,255203
FR0004026250,BUSINESS OBJECTS SA,FR,276482
FR0004026623,IMV TECHNOLOGIES,FR,682884
FR0004027019,LABORATOIRE PHARMYGIENE,FR,685055
FR0004027068,LANSON-BCC,FR,885058
FR0004028470,CHABERT DUVAL SA,FR,673445
FR0004029031,BRICE,FR,682853
FR0004029411,KEYRUS,FR,289198
FR0004029452,GLOBAL EQTIES.CAP.MKTS.,FR,298587
FR0004029478,VISIATIV,FR,8868EZ
FR0004030708,ENCRES DUBUIT,FR,276826
FR0004031292,FONCIERE SEPRIC,FR,54508U
FR0004031375,EFFIK,FR,692450
FR0004031672,ALTEDIA,FR,289316
FR0004031763,COHERIS ATIX,FR,672668
FR0004032746,NEOVACS,FR,69171K
FR0004034072,XILAM ANIMATION SA,FR,15191F
FR0004034320,MR BRICOLAGE SA,FR,289137
FR0004034593,FASHION B AIR,FR,881543
FR0004035061,GUY DEGRENNE SA,FR,885298
FR0004035756,STACI,FR,685959
FR0004035913,ILIAD SA,FR,28400H
FR0004035947,INTEGRA,FR,672543
FR0004036408,GENSET,FR,866619
FR0004037125,APRIL,FR,879966
FR0004037182,THERMOCOMPACT SA,FR,685624
FR0004038099,GFI INFORMATIQUE,FR,673927
FR0004038180,EU.FINANCE ET INDUSTRIE,FR,885539
FR0004038263,PARROT SA,FR,36135T
FR0004038354,CONSODATA SA,FR,276260
FR0004038818,SIMO INTERNATIONAL,FR,885646
FR0004040608,ABC ARBITRAGE,FR,692458
FR0004041325,CYBERSEARCH,FR,289388
FR0004042083,AUFEMININ,FR,289411
FR0004042364,ILOG SA,FR,692038
FR0004042455,AP,FR,892867
FR0004042497,LE NIGEN N INDS.,FR,885677
FR0004043487,TRAQUEUR,FR,50404N
FR0004043842,EUROPEENNE DE CASINOS,FR,885723
FR0004044337,OSIATIS,FR,893845
FR0004044600,PRISMAFLEX INTERNATIONAL,FR,692636
FR0004044782,VIKING,FR,892795
FR0004045847,VOYAGEURS DU MONDE SA,FR,36237X
FR0004046282,DIOSOS,FR,682843
FR0004048072,ESPACE PRODUCTION ILE.SA,FR,672634
FR0004048734,MONTAIGNE FASHION GROUP,FR,685080
FR0004050250,NEURONES,FR,289184
FR0004050300,GROUPE OPEN SA,FR,673875
FR0004052561,PROACTIS SA,FR,265328
FR0004053338,RUE DU COMMERCE EX,FR,31934P
FR0004053510,GENOWAY,FR,50499R
FR0004053932,ADENCLASSIFIEDS,FR,50290W
FR0004056851,VALNEVA,FR,50740C
FR0004058949,MICROWAVE VISION,FR,31281R
FR0004061513,INDEX MULTIMEDIA,FR,15414L
FR0004063097,MEETIC,FR,31988K
FR0004065639,NSE,FR,41285H
FR0004070993,REYNOLDS,FR,866671
FR0004076891,GROUPE FLO,FR,673812
FR0004109197,SYSTRAN,FR,881550
FR0004110310,ESI GROUP,FR,289344
FR0004125920,AMUNDI,FR,8712AZ
FR0004126027,ALGECO,FR,142472
FR0004150647,IMAGINE,FR,298731
FR0004152031,PROSODIE SA,FR,685948
FR0004152874,ADVENIS,FR,685262
FR0004152882,CLASQUIN SA,FR,32712M
FR0004153823,NETVALUE,FR,276739
FR0004153930,HYBRIGENICS,FR,51413C
FR0004154060,NETGEM,FR,288988
FR0004154318,FI SYSTEM,FR,685738
FR0004154912,KALISTO ENTM,FR,672652
FR0004155000,GROUPE SFPI,FR,288921
FR0004155174,NOVAMEX,FR,879900
FR0004155240,VERGNET,FR,50621T
FR0004155612,XIRING SA,FR,289640
FR0004155687,MASTRAD,FR,35738F
FR0004156297,LINEDATA SERVICES,FR,289173
FR0004157428,OCTO TECHNOLOGY,FR,414311
FR0004157543,NEOCOM MULTIMEDIA,FR,672787
FR0004157592,QUALIFLOW,FR,266342
FR0004158061,BUFFALO GRILL,FR,672700
FR0004159382,MANDRIVA SA,FR,259457
FR0004159473,HEXAOM SA,FR,289205
FR0004159572,TREDI ENVIRONNEMENT,FR,289351
FR0004161008,HIGHWAVE OPTICAL TECHS.,FR,289274
FR0004163111,GENFIT,FR,41510F
FR0004163988,HIMALAYA SA,FR,288927
FR0004165801,LES HOTELS DE PARIS,FR,256382
FR0004165975,OPTIMS,FR,289281
FR0004166197,EVOLIS,FR,32956U
FR0004167062,ACCESS2NET,FR,15121V
FR0004168045,EMAILVISION,FR,32766Q
FR0004170017,LNA SANTE SA,FR,35998M
FR0004171346,NEXTEDIA,FR,35641R
FR0004172260,NEOTION,FR,36165J
FR0004172450,MINT SA,FR,41193K
FR0004174233,BILENDI,FR,31281T
FR0004175099,TRONICS MICROSYSTEMS,FR,9299JH
FR0004175222,SBT,FR,35799Q
FR0004175842,SELECTIRENTE,FR,41236W
FR0004176337,ADVERLINE,FR,35958U
FR0004176535,ASTELLIA,FR,51158H
FR0004177046,METABOLIC EXPLORER,FR,50391F
FR0004178572,MEDICREA INTERNATIONAL,FR,36135P
FR0004180537,AKKA TECHS.SE PARIS,FR,30772L
FR0004180578,SWORD GROUP,FR,15300E
FR0004183960,VOLUNTIS PRO (WI),FR,93020M
FR0004186856,VETOQUINOL,FR,41357X
FR0004187367,FREELANCE.COM,FR,31343C
FR0004188670,TARKETT,FR,93106H
FR0004191674,DIRECT ENERGIE,FR,28541U
FR0004197747,THERADIAG,FR,87904V
FR0004250165,COLETICA SA,FR,267730
FR0004250710,PICOGIGA,FR,866613
FR0004251098,GREVIN ET COMPAGNIE,FR,879959
FR0004253748,COFACE,FR,276743
FR0004254035,EULER HERMES GROUP,FR,289127
FR0004270023,COCOON,FR,142489
FR0004270619,ABEL SA,FR,288923
FR0004294759,APS SA,FR,673275
FR0004500106,SOLVING EFESO INTL.,FR,685003
FR0004527638,EXEL INDUSTRIES SA,FR,885915
FR0004529147,TESSI SA,FR,259415
FR0004548873,BOURBON,FR,685788
FR0005025004,CR.INDUSTRIEL ET COML.,FR,682851
FR0005175080,TRANSGENE,FR,673306
FR0005512555,AUTOROUTES DU SUD FRANCE,FR,15354L
FR0005691656,TRIGANO,FR,673286
FR0005843125,HYDRO EXPLOITATIONS,FR,142543
FR0005854700,I2S,FR,51203J
FR0006174348,BUREAU VERITAS INTL.,FR,51185D
FR0006205019,LOMBARD ET MEDOT,FR,692500
FR0006239109,BOIS SCIERIE MANCH,FR,881737
FR0006626032,OUTSIDE LIVING INDS.,FR,866098
FR0006807004,AUTOR.PARIS-RHIN-RHONE,FR,29786H
FR0006864484,LAURENT PERRIER,FR,672582
FR0007080254,LES HOTELS BAVEREZ,FR,142659
FR0007200100,EAUX DE ROYAN,FR,881921
FR0007317813,CS GROUP SA,FR,936472
FR0010002196,ADMEA,FR,27330T
FR0010035816,COREP LIGHTING,FR,28225N
FR0010038570,RAPHAEL MICHEL SA,FR,28301T
FR0010040865,GECINA,FR,936866
FR0010047928,ALTERGAZ,FR,31279T
FR0010050773,A TOUTE VITESSE - ATV,FR,28507D
FR0010060665,MODELABS GROUP,FR,35622J
FR0010082305,IVALIS,FR,28939N
FR0010086371,IMALLIANCE,FR,885563
FR0010095596,ONXEO,FR,32397C
FR0010099515,ECA SA (FR),FR,29178D
FR0010100016,SAFETIC,FR,32577L
FR0010101741,NEOVIA ELECTRONICS,FR,29226V
FR0010106039,BODY ONE,FR,29623L
FR0010108688,GLOBAL INTERFACE,FR,29623M
FR0010112524,NEXITY,FR,29652U
FR0010120402,THERACLION,FR,8857KV
FR0010127662,TXCELL,FR,8855DA
FR0010130864,PERFECT TECHS.REG SA,FR,685757
FR0010146092,LEGUIDE.COM,FR,36135K
FR0010148510,AFFIPARIS,FR,35925K
FR0010151589,CAFOM SA,FR,30084W
FR0010157115,EUROLAND CORPORATE,FR,30099P
FR0010158642,AES CHEMUNEX,FR,682852
FR0010173518,STS GROUP,FR,32178U
FR0010176115,OLMIX,FR,30731Q
FR0010187096,MEILLEURTAUX,FR,30991K
FR0010193052,CATANA GROUP,FR,30926V
FR0010193979,CBO TERRITORIA,FR,30994W
FR0010202606,SIDETRADE,FR,31325D
FR0010204321,ENTREPOSE CONTRACTING,FR,31281X
FR0010204453,MG INTERNATIONAL,FR,31268W
FR0010207795,HARVEST,FR,31250V
FR0010208165,SAFT GROUPE SA,FR,31281W
FR0010208488,ENGIE,FR,31270N
FR0010209809,SOCIETE FSE.DE CASINOS,FR,885513
FR0010210153,NORMACTION,FR,31336K
FR0010211037,PLANET MEDIA SA,FR,31314V
FR0010211615,QUOTIUM TECHNOLOGIES SA,FR,866706
FR0010213215,SPOREVER,FR,31327X
FR0010214064,GPE GROUPE PIZZORNO,FR,31328D
FR0010220475,ALSTOM SA,FR,682858
FR0010221069,FILAE,FR,50234Q
FR0010221234,EUTELSAT COMMUNICATIONS,FR,32057D
FR0010231860,O2I,FR,32555L
FR0010232306,RELAXNEWS,FR,86527N
FR0010240994,NEXTRADIOTV,FR,31976M
FR0010242511,ELECTRICITE DE FRANCE,FR,32269V
FR0010245803,VELCAN HOLDINGS SA,FR,31989M
FR0010246322,EASYVISTA,FR,32055M
FR0010254466,GROUPE PROMEO,FR,32332P
FR0010257428,MINDSCAPE,FR,51318P
FR0010259150,IPSEN SA,FR,32376D
FR0010262287,VECTRANE,FR,32472V
FR0010263202,PAREF,FR,32521Q
FR0010266601,BULL,FR,308926
FR0010278762,ENVEA SA,FR,32676N
FR0010282822,SES IMAGOTAG SA,FR,32741U
FR0010285965,1000MERCIS,FR,32741W
FR0010288894,MAESA,FR,32781H
FR0010291245,VERIMATRIX SA,FR,86832R
FR0010294462,BIONERSIS,FR,50794C
FR0010298620,MEMSCAP REGPT,FR,258554
FR0010298901,ZUBLIN IMMOB.FRANCE,FR,32919J
FR0010304402,MILLET INNOVATIONE,FR,32975H
FR0010307322,HOMAIR,FR,50642P
FR0010307819,LEGRAND,FR,35612E
FR0010311597,LAMARTHE,FR,35646K
FR0010313486,PRODWARE,FR,35641N
FR0010313833,ARKEMA,FR,35720C
FR0010324962,CELEOS,FR,35914W
FR0010325241,VIADEO,FR,8915K9
FR0010330613,OBER,FR,36126M
FR0010331421,INNATE PHARMA,FR,412955
FR0010332049,SIICINVEST,FR,36203D
FR0010337444,WEBORAMA,FR,36135L
FR0010337485,PROSERVIA,FR,36133E
FR0010337865,UPERGY,FR,36116T
FR0010340141,ADP,FR,36066K
FR0010340406,GROUPE VIAL,FR,414745
FR0010340711,AQUILA,FR,36092X
FR0010341032,FONCIERE INEA,FR,414501
FR0010343186,HEURTEY PETROCHEM,FR,36167F
FR0010353888,MGI DIGITAL GRAPHI,FR,36230C
FR0010354407,LOYALTOUCH,FR,36269D
FR0010355057,PROWEBCE,FR,36212L
FR0010357079,DL SOFTWARE,FR,50397K
FR0010358465,CRM COMPANY,FR,36279D
FR0010358507,NEWS INVEST SCA,FR,289288
FR0010358812,TESFRAN,FR,36269E
FR0010372581,MEDICA,FR,68784V
FR0010377127,DOLFINES SAS,FR,41659F
FR0010380626,PROLOGUE,FR,41556M
FR0010383877,TRAVEL TECH.INTERACTIVE,FR,412827
FR0010386334,KORIAN SA,FR,41383J
FR0010387324,THOMAS FLEUR,FR,413174
FR0010395681,ALTUR INVEST,FR,414498
FR0010396119,AEROWATT,FR,413529
FR0010396309,HITECHPROS,FR,41383H
FR0010397232,NOVACYT,FR,87711L
FR0010397901,TRILOGIQ,FR,413687
FR0010400143,EDF ENERGIES NOUV.,FR,41383K
FR0010404368,DLSI,FR,41482M
FR0010404780,KLEMURS,FR,41450M
FR0010406777,EFRONT,FR,41493R
FR0010407049,TERREIS,FR,41502J
FR0010411983,SCOR SE,FR,776500
FR0010414961,NEXEYA,FR,41691L
FR0010417345,DBV TECHNOLOGIES,FR,86984D
FR0010423152,AUTO ESCAPE,FR,41710D
FR0010424697,ENTREPARTICULIERS,FR,41746Q
FR0010425587,OUTREMER TELECOM,FR,50283V
FR0010425595,CELLECTIS,FR,50035U
FR0010428771,OL GROUPE,FR,50080E
FR0010436170,BATLA MINERALS,FR,50531Q
FR0010436329,FONCIERE 6 ET 7,FR,50234U
FR0010436584,DNXCORP,FR,50343P
FR0010446765,HOLOSFIND,FR,50343N
FR0010447631,BROSSARD,FR,50362C
FR0010449199,GECI AVIATION,FR,50767J
FR0010451203,REXEL,FR,50367K
FR0010452474,EUROGERM,FR,50376N
FR0010457531,ADTHINK SA,FR,50442N
FR0010459081,CORTIX,FR,51448W
FR0010461053,CARDE.CAMU.DU LDDOC.,FR,50514R
FR0010465534,EO2,FR,50588V
FR0010474130,DEMOS SA,FR,50588W
FR0010478248,ATARI,FR,309730
FR0010480111,IC TELECOM,FR,50626X
FR0010481101,ARKOON NETWORK SECURITY,FR,50813Q
FR0010481960,ARGAN,FR,50643Q
FR0010483768,CREDIT AGRICOLE BRIE,FR,50665R
FR0010485268,FOUNTAINE PAJOT,FR,50720J
FR0010487272,FINAXO ENVIRONNEMENT,FR,50673Q
FR0010490920,EUROPACORP PROMESSES,FR,50767M
FR0010491373,HAPPYDOO,FR,50851T
FR0010493510,ACHETER-LOUER FR,FR,50853K
FR0010501015,OROLIA,FR,50873E
FR0010501692,GENERIX GROUP SA,FR,685083
FR0010522169,LEON DE BRUXELLES,FR,885661
FR0010523167,ROCTOOL,FR,51821P
FR0010526814,SUPERSONIC IMAGINE,FR,88388G
FR0010528059,STREAMWIDE,FR,51272T
FR0010533075,GETLINK SE,FR,50767F
FR0010540740,EURO DISNEY SCA,FR,504944
FR0010557264,AB SCIENCE,FR,69212W
FR0010567032,ACCES INDUSTRIE,FR,259073
FR0010581363,LOGIN PEOPLE,FR,51700U
FR0010588079,FREY SA,FR,51818L
FR0010609206,OREGE,FR,51930L
FR0010609263,MAUNA KEA TECHNOLOGIES,FR,773764
FR0010613471,SUEZ CO.,FR,53595N
FR0010626028,QIAGEN MARSEILLE SA,FR,53527R
FR0010627760,FACILASOL GROUP,FR,53515X
FR0010641449,AGROGENERATION,FR,68896H
FR0010650622,AGRIVOLT,FR,54043C
FR0010654087,TXCOM,FR,54599L
FR0010667147,COFACE,FR,8914MY
FR0010679308,NEO-SOFT NSI,FR,692669
FR0010688440,WEDIA,FR,69766N
FR0010698217,ANOVO,FR,692780
FR0010722819,KALRAY SA,FR,9306R0
FR0010731414,DURAN DUBOI,FR,885811
FR0010757377,SOLABIOS,FR,67511F
FR0010759530,OVERLAP GROUPE,FR,289298
FR0010766667,VENTE-UNIQUE COM SA,FR,9279UD
FR0010776617,SAPMER,FR,67715P
FR0010776658,DEBFLEX,FR,67727M
FR0010785790,PLANT ADVANCED TECHS.SA,FR,67825P
FR0010795476,A2MICILE EUROPE,FR,74689F
FR0010812230,MADVERTISE,FR,75742P
FR0010820274,REWORLD MEDIA,FR,68408W
FR0010827741,MAGILLEM DESIGN SERVICES,FR,68419N
FR0010828137,CARMILA SA,FR,276477
FR0010879056,DEINOVE,FR,69223J
FR0010889386,QWAMPLIFY SA,FR,69367D
FR0010892950,MEDTECH,FR,93363T
FR0010907956,CARMAT,FR,69746P
FR0010908723,INTEGRAGEN,FR,69645X
FR0010929125,ID LOGISTICS GROUP,FR,87032H
FR0010949404,STENTYS,FR,71978U
FR0011005933,BIOSYNEX,FR,75573U
FR0011010198,RISC GROUP,FR,274256
FR0011026749,DALET SA,FR,289289
FR0011027135,PATRIMOINE ET COM.NR,FR,673216
FR0011027143,AREVA,FR,307655
FR0011033083,MOULINVEST,FR,75729P
FR0011038348,GROUPE ACTIPLAY SA,FR,75972N
FR0011040500,AXWAY SOFTWARE,FR,77193M
FR0011041011,BLUELINEA,FR,86864V
FR0011049824,MEDIAN TECHNOLOGIES,FR,77143U
FR0011051598,AMOEBA,FR,9745TC
FR0011052257,GLOBAL BIOENERGIES,FR,77233E
FR0011053636,BLOCKCHAIN GROUP SA,FR,77324J
FR0011065242,PHENIX SYSTEMS,FR,77418V
FR0011066885,INNOVEOX,FR,8866EJ
FR0011068766,TUTO4PC COM GROUP,FR,77382W
FR0011070457,UCAR,FR,77382X
FR0011071570,COGRA 48,FR,77954X
FR0011072602,VEXIM,FR,87068V
FR0011120914,MPI,FR,77916D
FR0011179886,INTRASENSE,FR,86832Q
FR0011184241,ADOCIA,FR,86825V
FR0011191287,PHARNEXT SA,FR,7712GF
FR0011191766,EOS IMAGING,FR,86829F
FR0011208693,GOLD BY GOLD,FR,87013U
FR0011217710,METHANOR,FR,87304P
FR0011271600,FERMENTALG,FR,8840AN
FR0011284991,FUTUREN,FR,26033U
FR0011289040,SQLI,FR,289051
FR0011289198,GLOBAL ECOPOWER,FR,881537
FR0011341205,NANOBIOTIX,FR,87756D
FR0011352590,SEQUANA,FR,673898
FR0011398874,SPINEWAY SA,FR,88095C
FR0011464452,SPINEGUARD SA,FR,88309M
FR0011466069,EKINOPS,FR,88311E
FR0011471135,ERYTECH PHARMA,FR,88330F
FR0011471291,YMAGIS,FR,88330H
FR0011476928,FNAC DARTY SA,FR,88352L
FR0011490648,ECOSLOPS,FR,9311NW
FR0011505163,VALTECH,FR,692779
FR0011511971,ICERAM SA,FR,9238CP
FR0011522168,DELTA DRONE,FR,89282R
FR0011581149,FONCIERE PARIS FRANCE,FR,32977W
FR0011584549,MND,FR,91074J
FR0011592104,BLUE SOLUTIONS,FR,92105U
FR0011594233,SFR GROUP,FR,92219G
FR0011648716,CARBIOS,FR,93760G
FR0011648971,QUANTUM GENOMICS NR,FR,67806W
FR0011651819,TECHNOFIRST,FR,27366L
FR0011665280,FIGEAC AERO SARL,FR,8696YW
FR0011716265,CROSSJECT,FR,8738DX
FR0011726835,GTT,FR,8744A8
FR0011742329,MCPHY ENERGY,FR,8750JA
FR0011766229,ONCODESIGN,FR,8784KD
FR0011799907,GENOMIC VISION,FR,88320Z
FR0011858190,REALITES SA,FR,8896D1
FR0011884378,LUCIBEL,FR,8942D1
FR0011898584,UV GERMI SA,FR,91112A
FR0011910652,ANEVIA,FR,8897Y4
FR0011915339,ENERTIME SAS,FR,7719HJ
FR0011950641,PIXIUM VISION,FR,8900QL
FR0011950682,SERGEFERRARI GROUP,FR,8908RC
FR0011950732,ELIOR GROUP SA,FR,8904JY
FR0011981968,WORLDLINE,FR,8914MZ
FR0011992700,ATEME,FR,8915RY
FR0011995588,VOLTALIA,FR,35800R
FR0012127173,OSE IMMUNO,FR,9370UE
FR0012185536,ARTEA,FR,673881
FR0012202497,DIAGNOSTIC MEDICAL SYS.,FR,673880
FR0012333284,ABIVAX,FR,9532RT
FR0012407096,OCEASOFT,FR,9273WQ
FR0012419307,FCS.HM.INTACT.SA,FR,9301FZ
FR0012432516,POXEL,FR,9298GC
FR0012435121,ELIS,FR,9301ZZ
FR0012596468,SENSORION,FR,9402NH
FR0012612646,GROUPE PARTOUCHE SA,FR,143656
FR0012613610,PRODWAYS PROMESSES,FR,9068K4
FR0012616852,ABIONYX PHARMA SA,FR,9371AD
FR0012633360,CELLNOVO,FR,9749GK
FR0012650166,ENGIE EPS SA,FR,94396D
FR0012757854,SPIE SA,FR,9530M3
FR0012788065,BIOCORP,FR,9741VQ
FR0012789386,NEXTSTAGE AM SAS,FR,2753PD
FR0012789667,AMPLITUDE SURGICAL,FR,9600MP
FR0012789949,EUROPCAR MBTY.GP.SA,FR,9661R4
FR0012816825,BIOPHYTIS,FR,9749GJ
FR0012819381,GROUPE GUILLIN,FR,539989
FR0012821890,ADUX SA,FR,289203
FR0012821916,HIPAY GROUP,FR,9532TP
FR0012872141,JACQUES BOGART,FR,741075
FR0012882389,PHARMAGEST INTERACTIVE,FR,267998
FR0012938884,SOLOCAL GROUP,FR,29170F
FR0012969095,CAPELLI,FR,29706Q
FR0013006558,SRP PROMESSES,FR,8692ZX
FR0013015583,POULAILLON,FR,8715WE
FR0013018124,NICOX SA,FR,276432
FR0013030152,FRCAISE ENGIE PROM,FR,7552Z7
FR0013053535,MILIBOO,FR,8746EU
FR0013066750,DBT,FR,8765KC
FR0013079092,WE CONNECT SA,FR,31476C
FR0013088606,DRONE VOLT,FR,9448NU
FR0013143872,WITBE SA,FR,7080EC
FR0013153541,MAISONS DU MONDE,FR,7415TD
FR0013154002,SARTORIUS STEDIM BIOTECH,FR,143238
FR0013156007,KERLINK,FR,7459DA
FR0013176526,VALEO,FR,922053
FR0013178712,CERINNOV GROUP,FR,7493HP
FR0013181864,CGG,FR,998054
FR0013183589,AURES TECHNOLOGIES,FR,672924
FR0013183985,GENSIGHT BIOLOGICS SA,FR,7723ML
FR0013185857,ABEO,FR,2610C2
FR0013190410,ORCHESTRA PREMAMAN,FR,289290
FR0013199916,SOMFY SA,FR,982099
FR0013204070,GROUPE PAROT,FR,2626VR
FR0013204336,LDC,FR,866097
FR0013214145,SMCP SA,FR,9170AM
FR0013219367,HORIZONTAL SOFTWARE,FR,2748RX
FR0013227113,SOITEC,FR,692515
FR0013230612,TIKEHAU CAPITAL SCA,FR,9048A9
FR0013231180,OSMOZIS,FR,9013P3
FR0013233012,INVENTIVA SA,FR,90178K
FR0013233475,LYSOGENE,FR,9014ZN
FR0013240934,EUROBIO SCIENTIFIC SA,FR,32318F
FR0013247137,MEDIAWAN,FR,9059JP
FR0013247244,ADOMOS,FR,259438
FR0013252186,PLSTQ.DU VAL DE LOIRE,FR,307114
FR0013254851,VALBIOTIS SA,FR,90961R
FR0013256518,EUROFINS CEREP,FR,895991
FR0013257409,COFIDUR,FR,881632
FR0013258399,BALYO SA,FR,9102TH
FR0013258662,ALD SA,FR,91047R
FR0013263878,UMANIS NR,FR,692128
FR0013269123,RUBIS,FR,929242
FR0013270626,M2I SA,FR,67728H
FR0013280286,BIOMERIEUX SA,FR,29169X
FR0013283108,DELTA PLUS GROUP,FR,672681
FR0013284080,BIOM UP,FR,9162XZ
FR0013284627,ADEUNIS SA,FR,9162H8
FR0013286259,THERANEXUS,FR,9171Q9
FR0013295789,TFF GROUP,FR,692440
FR0013296746,ADVICENNE SA,FR,92186X
FR0013297165,CESAR,FR,289391
FR0013318052,ORDISSIMO SA,FR,9313LH
FR0013318813,PARAGON ID SA,FR,8914MX
FR0013331212,DONT NOD ENTM.SA,FR,9298RD
FR0013333432,THERMADOR GROUPE PLC.,FR,755343
FR0013335742,COGELEC SA,FR,9306RY
FR0013341781,2CRSI SA,FR,93083W
FR0013344173,ROCHE BOBOIS SA,FR,9314LX
FR0013345493,BIO-UV GROUP SA,FR,9314C3
FR0013356755,EMOVA GROUP,FR,51380U
FR0013357621,SOLUCOM,FR,276740
FR0013379484,SOLUTIONS 30 SE,FR,32544E
FR0013399474,GENKYOTEX,FR,8836EM
FR0013410370,AUPLATA MINING GROUP SA,FR,41493Q
FR0013421286,ALPHA MOS,FR,673448
FR0013426004,CLARANOVA SA,FR,885090
FR0013455482,FONCIERE ATLAND,FR,936837
FR0013467123,SAFE ORTHOPAEDIC,FR,9298GD
FR0013470168,IMPLANET,FR,93053A
FR0013481835,VISIOMED GROUP,FR,77324K
FR0013495298,GAUSSIN,FR,36254D
FR0013505062,TECHNICOLOR SA,FR,276479
FR0013505583,CYBERGUN SA,FR,276593
FR0013506730,VALLOUREC,FR,929267
FR0013514114,EUROPLASMA,FR,259490
FR0013529815,AVENIR TELECOM,FR,685987
FR0013530102,CABASSE GROUP SA,FR,88388A
GA0000121459,TOTAL GABON SA,FR,932482
GB00B03MLX29,ROYAL DUTCH SHELL,NL,902178
GB00BYWF9Y76,ACACIA PHARMA GROUP PLC.,BE,9276CD
GB00BZ21RF93,STALLERGENES GREER,FR,9926QP
IL0010832298,CMT MEDICAL TECHS.LTD.,FR,692976
LU0012113584,PLTNS.DES TERRES ROUGES,FR,776682
LU0100194785,PROLOGIS EURO PROP PREF.,NL,41221R
LU0325453354,ARCELOR,FR,135488
LU0569974404,APERAM SA,NL,74517L
LU1068091351,BREDERODE SA LX.,BE,945856
LU1598757687,ARCELORMITTAL,NL,899069
LU1789205884,B&S GROUP SA,NL,9278T1
MC0000031187,BAINS MER MONACO,FR,776488
MC0000120790,LAGARDERE ACTIVE BRDCT.,FR,929277
MC0010000826,CFM INDOSUEZ WEALTH SA,FR,881487
NL0000008977,HEINEKEN HOLDING PLC.,NL,929708
NL0000009082,KONINKLIJKE KPN NV,NL,142440
NL0000009165,HEINEKEN NV,NL,905001
NL0000009405,DORDTSCHE PTL.INDS.,NL,923527
NL0000009538,KON.PHILIPS ELTN.NA,NL,933031
NL0000009553,DAF,NL,504488
NL0000009827,KONINKLIJKE DSM,NL,779426
NL0000009983,ROYAL P&O NEDLLOYD NV,NL,912796
NL0000018034,AFC AJAX NV,NL,679622
NL0000113652,KARDAN N V,NL,27267R
NL0000226223,STMICROELECTRONICS NV,FR,143375
NL0000233948,TELE ATLAS NV,NL,32388X
NL0000235190,AIRBUS SE,FR,289361
NL0000285278,BEVER HOLDING NV,NL,998684
NL0000288819,UNI-INVEST (VERENIG),NL,998101
NL0000288918,VASTNED RETAIL NV,NL,756826
NL0000288934,VASTNED OFFICES INDL.,NL,508266
NL0000288967,CORIO NV,NL,905503
NL0000289213,WERELDHAVE NV,NL,923388
NL0000289320,RODAMCO EUROPE,NL,698847
NL0000289338,HASLEMERE NV,NL,698848
NL0000289346,RODAMCO ASIA,NL,698849
NL0000290641,EURONEXT NV,FR,259413
NL0000290997,THE MEMBER COMPANY,NL,41412F
NL0000301109,ABN AMRO HOLDING NV,NL,505972
NL0000303709,AEGON,NL,922956
NL0000313286,AMSTERDAM COMMODITIES NV,NL,932754
NL0000331650,BROCACEF HOLDING,NL,923522
NL0000332351,AHREND GROEP NV,NL,729264
NL0000334118,ASM INTERNATIONAL,NL,888051
NL0000335578,BINCKBANK NV,NL,702063
NL0000335651,ASTRA INFORMATICA GROEP,NL,686641
NL0000335743,ATAG GROUP NV,NL,756566
NL0000335974,AXA STENMAN,NL,676711
NL0000336303,STERN GROEP NV,NL,932773
NL0000336352,BAAN COMPANY NV,NL,143725
NL0000336444,AXXICON GROEP NV,NL,301571
NL0000336543,BALLAST NEDAM NV,NL,142433
NL0000337319,KONINKLIJKE BAM GROEP NV,NL,932775
NL0000338465,BEERS NV,NL,904251
NL0000339703,BETER BED HOLDING NV,NL,882832
NL0000340347,BLYDENSTEIN-WILLINK NV,NL,932781
NL0000341394,BORSUMIJ WEHRY,NL,929310
NL0000341709,VAN HEEK-TWEKA,NL,932785
NL0000342541,BREEVAST NV,NL,932787
NL0000343655,BIJENKORF KON.,NL,912706
NL0000343846,CALVE-DELFT,NL,930349
NL0000344000,CAP GEMINI GROUP NV,NL,772746
NL0000344059,CARDIO CONTROL NM,NL,676630
NL0000344315,CETECO,NL,142445
NL0000344513,CINDU INTERNATIONAL NV,NL,932796
NL0000345015,CONTENT BEHEER NV,NL,729500
NL0000345338,COPACO NV,NL,676212
NL0000345452,CROWN VAN GELDER NV,NL,701548
NL0000345544,CSS NM,NL,888893
NL0000345577,CTAC NM NV,NL,676629
NL0000345627,EASE2PAY NV,NL,892007
NL0000345676,ENDEMOL ENTERTAINMENT,NL,882428
NL0000345692,ENDEMOL,NL,32363V
NL0000345718,OCTOPLUS,NL,41249J
NL0000346443,DEVOTE,NL,695515
NL0000347250,DORP VAN DESPEC GROUP,NL,932802
NL0000347813,DRAKA HOLDING NV,NL,307364
NL0000349033,KONINKLIJKE ECONOSTO NV,NL,932806
NL0000350361,EXACT HOLDING NV,NL,698444
NL0000350387,ERIKS NV,NL,923871
NL0000350452,EVC INTERNATIONAL NV,NL,143364
NL0000350544,FLEXOVIT INTL.,NL,504510
NL0000352094,FOKKER PTO,NL,930153
NL0000352524,JETIX EUROPE NV,NL,278304
NL0000354058,GIESSEN-DE NOORD PTO,NL,932818
NL0000354298,KON.GIST-BROCADES PTO,NL,916417
NL0000354488,USG PEOPLE NV,NL,932820
NL0000354793,KONINKLIJKE GROLSCH NV,NL,946398
NL0000355477,HAGEMEYER NV,NL,929307
NL0000355824,GAMMA HOLDING NV,NL,929306
NL0000356004,GEVEKE NV,NL,701895
NL0000358125,HES - BEHEER NV,NL,929956
NL0000358158,HITT NM NV,NL,681292
NL0000358232,HOEK'S MACHINE PTO,NL,932824
NL0000358562,CRUCELL NV,NL,269490
NL0000358919,HIM FURNESS,NL,932837
NL0000358943,HOLLAND CHEMICAL INTL.,NL,896531
NL0000359024,HOLL.BETON GROEP NV,NL,912395
NL0000359354,VD HOOP BANKIERS NV,NL,741843
NL0000359537,ICT GROUP NV,NL,897830
NL0000360618,SBM OFFSHORE NV,NL,916775
NL0000361145,INNOCONCEPTS NM NV,NL,679334
NL0000361707,ISOTIS,NL,266154
NL0000362648,KAS BANK C DUTCH CERT NV,NL,741048
NL0000363323,KEMPEN & CO NV,NL,944573
NL0000364222,KLENE HLDG.,NL,932836
NL0000364636,KONDOR WESSELS GROEP NV,NL,932828
NL0000364750,VAN LEER KON.,NL,866590
NL0000364925,KPNQWEST NV.,NL,275883
NL0000365641,KRASNAPOLSKY GRAND HOTEL,NL,932842
NL0000365906,KSI INTL. NM,NL,690346
NL0000366011,LANDIS GROUP,NL,679312
NL0000366367,LANDRE & MERREM,NL,932846
NL0000366649,FRANS MAAS GROEP KON.,NL,755256
NL0000367993,MACINTOSH RETAIL GP.NV,NL,932850
NL0000368124,MCGREGOR FASHION GP.NV,NL,697850
NL0000370179,VAN DER MOOLEN NV,NL,741706
NL0000370294,DE VRIES ROBBE GROEP NV,NL,932854
NL0000370419,ORANJEWOUD NV,NL,923433
NL0000371110,NAGRON NATIONAL GROND,NL,932857
NL0000371243,NEDAP NV,NL,932859
NL0000371375,NEDGRAPHICS HOLDING NM,NL,679064
NL0000371474,NEW SKIES SATELLITES,NL,265646
NL0000371904,VODAFONE LIBERTEL NV,NL,698782
NL0000373116,NPM CAPITAL,NL,741876
NL0000373462,KNSF,NL,932864
NL0000374957,NKF HOLDING NV,NL,772751
NL0000375343,NORIT NV,NL,921031
NL0000375616,KONINKLIJKE NUMICO NV,NL,932874
NL0000375749,KONINKLIJKE TEN CATE NV,NL,930119
NL0000375764,KON.VAN OMMEREN NV,NL,904553
NL0000375772,DELFT INSTRUMENTS NV,NL,923884
NL0000375855,ORCO BANK,NL,741734
NL0000376044,DNC DE NED.CO. NV,NL,932876
NL0000376366,OTRA NV,NL,932900
NL0000377067,PINK ROCCADE NV,NL,670368
NL0000377117,PIRELLI TYRE HOLDING,NL,504547
NL0000377752,POLYNORM NV,NL,932196
NL0000379121,RANDSTAD NV,NL,505482
NL0000379337,RING ROSA,NL,681624
NL0000380210,ATHLON HOLDING NV,NL,932887
NL0000381416,SEAGULL HOLDING NV,NL,690787
NL0000381507,SAMAS NV,NL,997702
NL0000382000,SCALA BUSINESS,NL,892394
NL0000383040,SCHUITEMA NV,NL,923065
NL0000383800,SMIT INTL.,NL,950807
NL0000383834,SMIT TRANSFORMATOR,NL,143235
NL0000383909,SNT NV,NL,276830
NL0000385078,SPHINX GUSTVBG.KON.,NL,729253
NL0000385631,STAAL BANKIERS,NL,741107
NL0000386605,TELEGRAAF MEDIA GROEP NV,NL,921048
NL0000386936,KON.TEXTIELGROEP TWEN.NV,NL,932897
NL0000388304,MAVERIX CAPITAL,NL,932904
NL0000388387,UCC GROEP NM,NL,892785
NL0000388809,UNIVAR NV,NL,25711Q
NL0000388882,TAS GROEP,NL,686743
NL0000389799,AM NV,NL,932858
NL0000389872,NIELSEN COMPANY BV,NL,916163
NL0000390235,VERN.GLAS.,NL,933000
NL0000390672,STORK NV,NL,929704
NL0000390706,SNS REAAL,NL,35957F
NL0000390979,KONINKLIJKE VENDEX,NL,143724
NL0000391258,VERTO,NL,923987
NL0000392926,VOLKER WESSELS STEVIN,NL,952355
NL0000393072,VRG-GROEP,NL,923540
NL0000394005,VREDESTEIN NV,NL,741675
NL0000395317,WESSANEN NV,NL,308977
NL0000395903,WOLTERS KLUWER NV,NL,932826
NL0000400653,GEMALTO HOLDING BV,NL,28985C
NL0000403731,MAXWELL PETROLEUM HDG.,NL,933017
NL0000430106,AND INTL.PUBLISHERS,NL,888804
NL0000440071,BESOUW HOLDING VAN,NL,772701
NL0000440311,HOLLAND COLOURS NV,NL,504918
NL0000440360,NEDCON GROEP NV,NL,505486
NL0000440394,GELDERSE PAPIERGROEP,NL,741332
NL0000440444,EMIS EUROMARKETING INFO.,NL,730983
NL0000440477,ROODMICROTEC NV,NL,741499
NL0000440584,ORDINA NV,NL,741609
NL0000440618,NEWAYS ELECTRIC INTL.,NL,741467
NL0000440667,GOUDA VUURVAST HLDG.NV,NL,745099
NL0000440782,P.&C. GROUP NV,NL,998410
NL0000440824,GROOTHANDEL C DUTCH NV,NL,702362
NL0000440899,VHS ONROEREND NV,NL,998422
NL0000440949,WEWELER NV,NL,741955
NL0000441012,WOLFF HANDELMIJ,NL,998419
NL0000441202,FREE RECORD SHOP,NL,505082
NL0000441335,LCI TECHNOLOGY GROUP,NL,772818
NL0000441343,KUHNE & HEITZ NV,NL,755381
NL0000441475,NEDSCHROEF HOLDINGS KON.,NL,756832
NL0000441616,SIMAC TECHNIEK NV,NL,729499
NL0000441889,WELNA NV,NL,307074
NL0000442309,VILENZO INTERNATIONAL NV,NL,307075
NL0000442366,VAN MELLE NV,NL,998416
NL0000442523,KONINKLIJKE BRILL NV,NL,899432
NL0000817179,SLIGRO FOOD GROUP NV,NL,504959
NL0000852531,KENDRION NV,NL,932895
NL0000852564,AALBERTS NV,NL,749352
NL0000852580,KON.BOSKALIS WSTM.NV,NL,922358
NL0000852861,CORPORATE EXPRESS NV,NL,929136
NL0000853091,GETRONICS NV,NL,929460
NL0000886968,AMT HOLDING,NL,50692U
NL0000888691,AMG ADVD.METALLURG.GP.,NL,50788M
NL0006005662,VEDIOR NV,NL,897451
NL0006007247,XEIKON,NL,897915
NL0006129264,TELE2 NETHERLANDS HLDG.,NL,270079
NL0006144495,RELX NV,NL,981526
NL0006144503,SUPER DE BOER,NL,745052
NL0006237562,ARCADIS NV,NL,301773
NL0006292906,BATENBURG TECHNIEK,NL,932777
NL0006294274,EURONEXT,FR,8912GY
NL0006294290,ZIGGO,NL,86971F
NL0006327322,NEDFIELD,NL,916698
NL0009103530,MEDIQ NV,NL,308273
NL0009169515,DGB GROUP NV,NL,932783
NL0009197771,DPA GROUP NV,NL,697057
NL0009269109,HEIJMANS NV,NL,309341
NL0009272137,ESPERITE NV,NL,68154T
NL0009294552,DELTA LLOYD GROUP NV,NL,68214F
NL0009312842,MKB NEDSENSE NV,NL,698258
NL0009391242,HYDRATEC INDUSTRIES NV,NL,896676
NL0009412683,WAVIN,NL,41271K
NL0009432491,KONINKLIJKE VOPAK NV,NL,278066
NL0009508720,LBI INTERNATIONAL NV,NL,41029T
NL0009739416,POSTNL NV,NL,681714
NL0009767532,ACCELL GROUP NV,NL,688324
NL0009822014,NEW SOURCES ENERGY NV,NL,741527
NL0009901610,ENVIPCO HOLDING NV,NL,685172
NL0010200358,GRONTMIJ NV,NL,998414
NL0010273215,ASML HOLDING NV,NL,152001
NL0010273694,AMATHEON AGRI,FR,88069H
NL0010389508,TIE KINETIX NV,NL,276825
NL0010391025,PHARMING GROUP NV,NL,698852
NL0010395208,NUTRECO NV,NL,897320
NL0010545679,LAVIDE HOLDING NV,NL,690103
NL0010556726,IEX GROUP,NL,998418
NL0010558797,OCI NV,NL,88054J
NL0010583399,CORBION,NL,933025
NL0010627865,SNOWWORLD,NL,308444
NL0010661864,VALUE8 NV,NL,719610
NL0010696704,NOVISOURCE,NL,932779
NL0010773842,NN GROUP,NL,8914QL
NL0010776944,BRUNEL INTL.NV,NL,897486
NL0010801007,IMCD GROUP,NL,8916Y6
NL0010832176,ARGENX SE,BE,8917JF
NL0010886891,ROYAL IMTECH,NL,916108
NL0010937058,INTERTRUST GROUP HOLDING,NL,8664Y4
NL0010937066,GRANDVISION,NL,9310FD
NL0010998878,LUCASBOLS,NL,9293V3
NL0011279492,FLOW TRADERS,NL,9749G6
NL0011323407,KIADIS,NL,96622V
NL0011333752,ALTICE EUROPE NV,NL,8732Q7
NL0011509294,CURETIS,NL,8708W5
NL0011660485,SIF HOLDING,NL,8900MR
NL0011794037,KON.AHOLD DLHZ.NV,NL,916642
NL0011821202,ING GROEP,NL,531865
NL0011821392,SIGNIFY NV,NL,7418Z9
NL0011832811,FORFARMERS,NL,7418LH
NL0011872643,ASR NEDERLAND,NL,7493HR
NL0011872650,BASIC-FIT,NL,7493HQ
NL0012015705,JUST EAT TAKEAWAY COM NV,NL,2600CP
NL0012047823,AVANTIUM NV,NL,51268X
NL0012294466,VOLKERWESSELS WI,NL,9068VE
NL0012365084,NSI,NL,676754
NL0012756316,NIBC HOLDING NV,NL,9278QK
NL0012817175,ALFEN NV,NL,9278T2
NL0012866412,BE SEMICONDUCTOR INDS.,NL,866096
NL0012969182,ADYEN NV,NL,9307KF
NL0013267909,AKZO NOBEL NV,NL,912643
NL0013332471,TOM TOM NV,NL,31102D
ZM0000000037,ZCCM INVESTMENTS HDG.,FR,692167
